candidate_id,network_feature_id,selected_road,candidate_type,longitude,latitude,related_road_a,related_road_b,distance_to_road_m,direct_distance_m,network_distance_m,detour_ratio,approach_score,monuments_within_500m,nearest_monument,nearest_monument_distance_m,computational_status,human_review_status,historical_evidence,present_condition,source
trace:廣慈街:572144119-end,572144119-end,廣慈街,alley_trace,120.2065765,22.9961765,公園路90巷,,16,,,,0.91,17,全臺吳氏大宗祠,103,morphology_candidate,unreviewed,not_assessed,not_assessed,OpenStreetMap derived
trace:廣慈街:1170873291-end,1170873291-end,廣慈街,alley_trace,120.2074273,22.9970199,服務道路 #1170873291,,23,,,,0.9,13,全臺吳氏大宗祠,192,morphology_candidate,unreviewed,not_assessed,not_assessed,OpenStreetMap derived
trace:廣慈街:572144143-start,572144143-start,廣慈街,alley_trace,120.2064156,22.9952371,服務道路 #572144143,,26,,,,0.44,25,原台南公會堂,107,morphology_candidate,unreviewed,not_assessed,not_assessed,OpenStreetMap derived
trace:廣慈街:565587255-start,565587255-start,廣慈街,alley_trace,120.206427,22.996192,公園路84巷,,30,,,,1,18,全臺吳氏大宗祠,88,morphology_candidate,unreviewed,not_assessed,not_assessed,OpenStreetMap derived
trace:廣慈街:1276759619-start,1276759619-start,廣慈街,alley_trace,120.2071123,22.9975956,服務道路 #1276759619,,34,,,,0.96,13,臺南興濟宮,123,morphology_candidate,unreviewed,not_assessed,not_assessed,OpenStreetMap derived
trace:廣慈街:1170873297-start,1170873297-start,廣慈街,alley_trace,120.207828,22.9975135,服務道路 #1170873297,,36,,,,0.96,10,臺南興濟宮,185,morphology_candidate,unreviewed,not_assessed,not_assessed,OpenStreetMap derived
trace:廣慈街:1134541022-start,1134541022-start,廣慈街,alley_trace,120.2071974,22.9981491,步道 #1134541022,,52,,,,1,13,臺南興濟宮,96,morphology_candidate,unreviewed,not_assessed,not_assessed,OpenStreetMap derived
trace:廣慈街:1462302933-end,1462302933-end,廣慈街,alley_trace,120.2059508,22.9957375,步道 #1462302933,,53,,,,1,25,全臺吳氏大宗祠,91,morphology_candidate,unreviewed,not_assessed,not_assessed,OpenStreetMap derived
trace:廣慈街:72871331-end,72871331-end,廣慈街,alley_trace,120.2070377,22.9978803,步道 #72871331,,54,,,,1,13,臺南興濟宮,95,morphology_candidate,unreviewed,not_assessed,not_assessed,OpenStreetMap derived
trace:廣慈街:1462302932-end,1462302932-end,廣慈街,alley_trace,120.2063897,22.9966365,步道 #1462302932,,55,,,,1,16,全臺吳氏大宗祠,79,morphology_candidate,unreviewed,not_assessed,not_assessed,OpenStreetMap derived
stitch:廣慈街:1170873291-end--1276759619-start,1170873291-end--1276759619-start,廣慈街,stitch_point,120.2072698,22.9973078,服務道路 #1170873291,服務道路 #1276759619,,72,376,5.2,,13,臺南興濟宮,157,connectivity_candidate,unreviewed,not_assessed,not_assessed,OpenStreetMap derived
stitch:廣慈街:1276759619-start--1170873297-start,1276759619-start--1170873297-start,廣慈街,stitch_point,120.2074702,22.9975546,服務道路 #1276759619,服務道路 #1170873297,,74,258,3.5,,12,臺南興濟宮,153,connectivity_candidate,unreviewed,not_assessed,not_assessed,OpenStreetMap derived
stitch:廣慈街:1170873291-end--72871331-end,1170873291-end--72871331-end,廣慈街,stitch_point,120.2072325,22.9974501,服務道路 #1170873291,步道 #72871331,,104,356,3.4,,13,臺南興濟宮,143,connectivity_candidate,unreviewed,not_assessed,not_assessed,OpenStreetMap derived
stitch:廣慈街:572144119-end--572144143-start,572144119-end--572144143-start,廣慈街,stitch_point,120.206496,22.9957068,公園路90巷,服務道路 #572144143,,106,332,3.1,,23,全臺吳氏大宗祠,125,connectivity_candidate,unreviewed,not_assessed,not_assessed,OpenStreetMap derived
stitch:廣慈街:1170873291-end--1462302932-end,1170873291-end--1462302932-end,廣慈街,stitch_point,120.2069085,22.9968282,服務道路 #1170873291,步道 #1462302932,,114,298,2.6,,15,全臺吳氏大宗祠,135,connectivity_candidate,unreviewed,not_assessed,not_assessed,OpenStreetMap derived
stitch:廣慈街:572144143-start--565587255-start,572144143-start--565587255-start,廣慈街,stitch_point,120.2064213,22.9957146,服務道路 #572144143,公園路84巷,,106,272,2.6,,23,全臺吳氏大宗祠,119,connectivity_candidate,unreviewed,not_assessed,not_assessed,OpenStreetMap derived
stitch:廣慈街:572144143-start--1462302933-end,572144143-start--1462302933-end,廣慈街,stitch_point,120.2061832,22.9954873,服務道路 #572144143,步道 #1462302933,,73,185,2.5,,26,全臺吳氏大宗祠,126,connectivity_candidate,unreviewed,not_assessed,not_assessed,OpenStreetMap derived
trace:西華南街:1265424861-start,1265424861-start,西華南街,alley_trace,120.2099909,22.9958794,步道 #1265424861,,10,,,,0.71,9,臺南火車站,285,morphology_candidate,unreviewed,not_assessed,not_assessed,OpenStreetMap derived
trace:西華南街:1170873272-end,1170873272-end,西華南街,alley_trace,120.2098143,22.9960972,服務道路 #1170873272,,12,,,,0.9,9,臺南火車站,289,morphology_candidate,unreviewed,not_assessed,not_assessed,OpenStreetMap derived
trace:西華南街:1170873282-end,1170873282-end,西華南街,alley_trace,120.2100201,22.997199,服務道路 #1170873282,,16,,,,1,7,臺南火車站,240,morphology_candidate,unreviewed,not_assessed,not_assessed,OpenStreetMap derived
trace:西華南街:572138484-end,572138484-end,西華南街,alley_trace,120.2099686,22.9970019,服務道路 #572138484,,17,,,,1,8,臺南火車站,247,morphology_candidate,unreviewed,not_assessed,not_assessed,OpenStreetMap derived
trace:西華南街:572138485-end,572138485-end,西華南街,alley_trace,120.2099169,22.9967905,服務道路 #572138485,,17,,,,1,8,臺南火車站,255,morphology_candidate,unreviewed,not_assessed,not_assessed,OpenStreetMap derived
trace:西華南街:1170873270-end,1170873270-end,西華南街,alley_trace,120.2095321,22.9960355,服務道路 #1170873270,,39,,,,0.97,9,臺南火車站,318,morphology_candidate,unreviewed,not_assessed,not_assessed,OpenStreetMap derived
trace:西華南街:1462302936-end,1462302936-end,西華南街,alley_trace,120.2104532,22.996423,中山路27巷,,45,,,,0.73,7,臺南火車站,215,morphology_candidate,unreviewed,not_assessed,not_assessed,OpenStreetMap derived
stitch:西華南街:1265424861-start--1170873272-end,1265424861-start--1170873272-end,西華南街,stitch_point,120.2099026,22.9959883,步道 #1265424861,服務道路 #1170873272,,30,218,7.2,,9,臺南火車站,287,connectivity_candidate,unreviewed,not_assessed,not_assessed,OpenStreetMap derived
stitch:西華南街:572138485-end--1462302936-end,572138485-end--1462302936-end,西華南街,stitch_point,120.2101851,22.9966067,服務道路 #572138485,中山路27巷,,68,474,6.9,,7,臺南火車站,233,connectivity_candidate,unreviewed,not_assessed,not_assessed,OpenStreetMap derived
stitch:西華南街:572138484-end--1462302936-end,572138484-end--1462302936-end,西華南街,stitch_point,120.2102109,22.9967125,服務道路 #572138484,中山路27巷,,81,452,5.6,,7,臺南火車站,228,connectivity_candidate,unreviewed,not_assessed,not_assessed,OpenStreetMap derived
stitch:西華南街:1170873282-end--1462302936-end,1170873282-end--1462302936-end,西華南街,stitch_point,120.2102366,22.996811,服務道路 #1170873282,中山路27巷,,97,462,4.8,,6,臺南火車站,223,connectivity_candidate,unreviewed,not_assessed,not_assessed,OpenStreetMap derived
stitch:西華南街:1170873272-end--1462302936-end,1170873272-end--1462302936-end,西華南街,stitch_point,120.2101338,22.9962601,服務道路 #1170873272,中山路27巷,,75,314,4.2,,9,臺南火車站,252,connectivity_candidate,unreviewed,not_assessed,not_assessed,OpenStreetMap derived
stitch:西華南街:1265424861-start--1170873270-end,1265424861-start--1170873270-end,西華南街,stitch_point,120.2097615,22.9959574,步道 #1265424861,服務道路 #1170873270,,50,194,3.9,,9,臺南火車站,301,connectivity_candidate,unreviewed,not_assessed,not_assessed,OpenStreetMap derived
stitch:西華南街:1170873270-end--1462302936-end,1170873270-end--1462302936-end,西華南街,stitch_point,120.2099927,22.9962292,服務道路 #1170873270,中山路27巷,,104,290,2.8,,9,臺南火車站,266,connectivity_candidate,unreviewed,not_assessed,not_assessed,OpenStreetMap derived
trace:東寧路西段:1425966960-start,1425966960-start,東寧路西段,alley_trace,120.2143891,22.992713,服務道路 #1425966960,,5,,,,0.39,6,原台南廳長官邸,98,morphology_candidate,unreviewed,not_assessed,not_assessed,OpenStreetMap derived
trace:東寧路西段:1493078752-start,1493078752-start,東寧路西段,alley_trace,120.2146583,22.9925176,步道 #1493078752,,9,,,,0.97,6,原台南廳長官邸,101,morphology_candidate,unreviewed,not_assessed,not_assessed,OpenStreetMap derived
trace:東寧路西段:1425966948-end,1425966948-end,東寧路西段,alley_trace,120.2146574,22.9928128,步道 #1425966948,,11,,,,0.38,6,原台南廳長官邸,72,morphology_candidate,unreviewed,not_assessed,not_assessed,OpenStreetMap derived
trace:東寧路西段:1425966962-end,1425966962-end,東寧路西段,alley_trace,120.2133381,22.9943777,步道 #1425966962,,18,,,,0.52,5,原臺南縣知事官邸,198,morphology_candidate,unreviewed,not_assessed,not_assessed,OpenStreetMap derived
trace:東寧路西段:1478525647-end,1478525647-end,東寧路西段,alley_trace,120.2135933,22.9940906,服務道路 #1478525647,,28,,,,0.66,5,原臺南縣知事官邸,168,morphology_candidate,unreviewed,not_assessed,not_assessed,OpenStreetMap derived
trace:東寧路西段:1537435135-end,1537435135-end,東寧路西段,alley_trace,120.2150193,22.9935578,步道 #1537435135,,41,,,,0.6,5,原台南廳長官邸,24,morphology_candidate,unreviewed,not_assessed,not_assessed,OpenStreetMap derived
trace:東寧路西段:279038350-end,279038350-end,東寧路西段,alley_trace,120.214265,22.9923708,青年路293巷,,45,,,,0.92,6,原臺南縣知事官邸,94,morphology_candidate,unreviewed,not_assessed,not_assessed,OpenStreetMap derived
stitch:東寧路西段:1493078752-start--1425966948-end,1493078752-start--1425966948-end,東寧路西段,stitch_point,120.2146578,22.9926652,步道 #1493078752,步道 #1425966948,,33,189,5.8,,6,原台南廳長官邸,86,connectivity_candidate,unreviewed,not_assessed,not_assessed,OpenStreetMap derived
stitch:東寧路西段:1425966948-end--279038350-end,1425966948-end--279038350-end,東寧路西段,stitch_point,120.2144612,22.9925918,步道 #1425966948,青年路293巷,,63,194,3.1,,6,原台南廳長官邸,104,connectivity_candidate,unreviewed,not_assessed,not_assessed,OpenStreetMap derived
trace:觀亭街:1524793249-end,1524793249-end,觀亭街,alley_trace,120.2057644,22.9972864,服務道路 #1524793249,,10,,,,1,20,全臺吳氏大宗祠,88,morphology_candidate,unreviewed,not_assessed,not_assessed,OpenStreetMap derived
trace:觀亭街:1524793267-end,1524793267-end,觀亭街,alley_trace,120.2060656,22.996895,步道 #1524793267,,33,,,,0.93,20,全臺吳氏大宗祠,62,morphology_candidate,unreviewed,not_assessed,not_assessed,OpenStreetMap derived
trace:觀亭街:1524793264-start,1524793264-start,觀亭街,alley_trace,120.2061469,22.9969729,步道 #1524793264,,38,,,,0.85,18,全臺吳氏大宗祠,74,morphology_candidate,unreviewed,not_assessed,not_assessed,OpenStreetMap derived
trace:觀亭街:1462302933-start,1462302933-start,觀亭街,alley_trace,120.2057687,22.9958131,步道 #1462302933,,43,,,,0.99,25,全臺吳氏大宗祠,78,morphology_candidate,unreviewed,not_assessed,not_assessed,OpenStreetMap derived
trace:觀亭街:1524793240-start,1524793240-start,觀亭街,alley_trace,120.2063582,22.9972951,服務道路 #1524793240,,47,,,,1,17,全臺吳氏大宗祠,115,morphology_candidate,unreviewed,not_assessed,not_assessed,OpenStreetMap derived
stitch:觀亭街:1524793249-end--1524793267-end,1524793249-end--1524793267-end,觀亭街,stitch_point,120.205915,22.9970907,服務道路 #1524793249,步道 #1524793267,,53,286,5.4,,19,全臺吳氏大宗祠,72,connectivity_candidate,unreviewed,not_assessed,not_assessed,OpenStreetMap derived
stitch:觀亭街:1524793249-end--1524793264-start,1524793249-end--1524793264-start,觀亭街,stitch_point,120.2059556,22.9971296,服務道路 #1524793249,步道 #1524793264,,52,282,5.4,,19,全臺吳氏大宗祠,77,connectivity_candidate,unreviewed,not_assessed,not_assessed,OpenStreetMap derived
stitch:觀亭街:1524793249-end--1524793240-start,1524793249-end--1524793240-start,觀亭街,stitch_point,120.2060613,22.9972907,服務道路 #1524793249,服務道路 #1524793240,,61,321,5.3,,18,全臺吳氏大宗祠,98,connectivity_candidate,unreviewed,not_assessed,not_assessed,OpenStreetMap derived
trace:公園路:303466900-end,303466900-end,公園路,alley_trace,120.2103774,23.0033985,通路 #303466900,,18,,,,0.89,5,原臺南公園管理所,120,morphology_candidate,unreviewed,not_assessed,not_assessed,OpenStreetMap derived
trace:公園路:303466809-end,303466809-end,公園路,alley_trace,120.2097872,23.0024317,通路 #303466809,,18,,,,0.8,5,重道崇文坊,195,morphology_candidate,unreviewed,not_assessed,not_assessed,OpenStreetMap derived
trace:公園路:575820966-end,575820966-end,公園路,alley_trace,120.2059245,22.9965276,服務道路 #575820966,,31,,,,0.99,21,全臺吳氏大宗祠,30,morphology_candidate,unreviewed,not_assessed,not_assessed,OpenStreetMap derived
trace:公園路:1524793227-start,1524793227-start,公園路,alley_trace,120.2076232,22.9983665,服務道路 #1524793227,,35,,,,0.95,8,臺南興濟宮,135,morphology_candidate,unreviewed,not_assessed,not_assessed,OpenStreetMap derived
trace:公園路:572144121-start,572144121-start,公園路,alley_trace,120.206552,22.9963217,服務道路 #572144121,,37,,,,0.92,17,全臺吳氏大宗祠,96,morphology_candidate,unreviewed,not_assessed,not_assessed,OpenStreetMap derived
trace:公園路:352294790-end,352294790-end,公園路,alley_trace,120.2100611,23.002484,步道 #352294790,,39,,,,0.91,5,原臺南公園管理所,167,morphology_candidate,unreviewed,not_assessed,not_assessed,OpenStreetMap derived
trace:公園路:1365660138-end,1365660138-end,公園路,alley_trace,120.2098019,23.0018871,步道 #1365660138,,48,,,,0.59,5,重道崇文坊,189,morphology_candidate,unreviewed,not_assessed,not_assessed,OpenStreetMap derived
stitch:公園路:575820966-end--572144121-start,575820966-end--572144121-start,公園路,stitch_point,120.2062382,22.9964247,服務道路 #575820966,服務道路 #572144121,,68,194,2.8,,20,全臺吳氏大宗祠,62,connectivity_candidate,unreviewed,not_assessed,not_assessed,OpenStreetMap derived
trace:前鋒路:1462302942-start,1462302942-start,前鋒路,alley_trace,120.2135314,22.995421,服務道路 #1462302942,,13,,,,1,5,臺南火車站,231,morphology_candidate,unreviewed,not_assessed,not_assessed,OpenStreetMap derived
trace:前鋒路:551108589-end,551108589-end,前鋒路,alley_trace,120.2155191,23.0042092,東豐路67巷,,30,,,,0.97,5,原日軍台南衛戍病院,208,morphology_candidate,unreviewed,not_assessed,not_assessed,OpenStreetMap derived
trace:前鋒路:161156213-end,161156213-end,前鋒路,alley_trace,120.212475,22.9904444,前鋒路35巷,,34,,,,0.9,7,原臺南神學校校舍暨禮拜堂,216,morphology_candidate,unreviewed,not_assessed,not_assessed,OpenStreetMap derived
trace:前鋒路:1123484475-end,1123484475-end,前鋒路,alley_trace,120.2138391,22.9959042,服務道路 #1123484475,,35,,,,1,6,臺南火車站,209,morphology_candidate,unreviewed,not_assessed,not_assessed,OpenStreetMap derived
trace:前鋒路:482007553-start,482007553-start,前鋒路,alley_trace,120.2137747,22.9951309,服務道路 #482007553,,42,,,,1,5,原台南廳長官邸,238,morphology_candidate,unreviewed,not_assessed,not_assessed,OpenStreetMap derived
trace:前鋒路:482007552-start,482007552-start,前鋒路,alley_trace,120.2138101,22.9953231,服務道路 #482007552,,43,,,,1,5,原台南廳長官邸,254,morphology_candidate,unreviewed,not_assessed,not_assessed,OpenStreetMap derived
trace:前鋒路:1478525647-end,1478525647-end,前鋒路,alley_trace,120.2135933,22.9940906,服務道路 #1478525647,,43,,,,0.66,5,原臺南縣知事官邸,168,morphology_candidate,unreviewed,not_assessed,not_assessed,OpenStreetMap derived
trace:前鋒路:1456970598-start,1456970598-start,前鋒路,alley_trace,120.2173656,23.0058658,開元路90巷,,50,,,,0.52,2,原台南中學校講堂,367,morphology_candidate,unreviewed,not_assessed,not_assessed,OpenStreetMap derived
trace:東豐路:551418964-end,551418964-end,東豐路,alley_trace,120.2180705,23.0036809,東豐路143巷,,8,,,,0.94,3,原日軍台南衛戍病院,287,morphology_candidate,unreviewed,not_assessed,not_assessed,OpenStreetMap derived
trace:東豐路:1432700323-end,1432700323-end,東豐路,alley_trace,120.2148889,23.0034585,步道 #1432700323,,27,,,,1,5,原日軍台南衛戍病院,147,morphology_candidate,unreviewed,not_assessed,not_assessed,OpenStreetMap derived
trace:東豐路:1546530207-start,1546530207-start,東豐路,alley_trace,120.2169605,23.0030705,步道 #1546530207,,36,,,,0.94,3,原日軍台南衛戍病院,155,morphology_candidate,unreviewed,not_assessed,not_assessed,OpenStreetMap derived
trace:東豐路:1546530216-end,1546530216-end,東豐路,alley_trace,120.2172797,23.004051,服務道路 #1546530216,,36,,,,0.4,3,原日軍台南衛戍病院,251,morphology_candidate,unreviewed,not_assessed,not_assessed,OpenStreetMap derived
trace:東豐路:1451046444-start,1451046444-start,東豐路,alley_trace,120.2139395,23.004365,步道 #1451046444,,43,,,,0.99,4,原台南中學校講堂,124,morphology_candidate,unreviewed,not_assessed,not_assessed,OpenStreetMap derived
trace:東豐路:303466926-end,303466926-end,東豐路,alley_trace,120.2133117,23.0035706,通路 #303466926,,50,,,,0.9,4,原臺南公園管理所,189,morphology_candidate,unreviewed,not_assessed,not_assessed,OpenStreetMap derived
stitch:東豐路:1451046444-start--303466926-end,1451046444-start--303466926-end,東豐路,stitch_point,120.2136256,23.0039678,步道 #1451046444,通路 #303466926,,109,,,,4,原台南中學校講堂,168,connectivity_candidate,unreviewed,not_assessed,not_assessed,OpenStreetMap derived
trace:保安路:1410490232-start,1410490232-start,保安路,alley_trace,120.1975429,22.9905072,步道 #1410490232,,34,,,,0.97,6,蕭氏節孝坊,142,morphology_candidate,unreviewed,not_assessed,not_assessed,OpenStreetMap derived
trace:保安路:1458266676-end,1458266676-end,保安路,alley_trace,120.1940776,22.9911787,步道 #1458266676,,42,,,,1,1,原台南州青果同業組合香蕉倉庫,496,morphology_candidate,unreviewed,not_assessed,not_assessed,OpenStreetMap derived
trace:保安路:1484061840-end,1484061840-end,保安路,alley_trace,120.1927038,22.9914538,步道 #1484061840,,43,,,,1,0,,,morphology_candidate,unreviewed,not_assessed,not_assessed,OpenStreetMap derived
trace:保安路:1484064334-end,1484064334-end,保安路,alley_trace,120.1967918,22.9906308,步道 #1484064334,,43,,,,1,6,蕭氏節孝坊,219,morphology_candidate,unreviewed,not_assessed,not_assessed,OpenStreetMap derived
trace:保安路:1458266677-end,1458266677-end,保安路,alley_trace,120.194257,22.9911532,步道 #1458266677,,44,,,,1,2,原台南州青果同業組合香蕉倉庫,481,morphology_candidate,unreviewed,not_assessed,not_assessed,OpenStreetMap derived
trace:保安路:1458266662-end,1458266662-end,保安路,alley_trace,120.1947056,22.9910712,步道 #1458266662,,45,,,,1,4,蕭氏節孝坊,436,morphology_candidate,unreviewed,not_assessed,not_assessed,OpenStreetMap derived
trace:保安路:1458266663-end,1458266663-end,保安路,alley_trace,120.1948835,22.9910378,步道 #1458266663,,45,,,,1,4,蕭氏節孝坊,418,morphology_candidate,unreviewed,not_assessed,not_assessed,OpenStreetMap derived
trace:府連路:186109347-end,186109347-end,府連路,alley_trace,120.2169466,22.9850357,光華街119巷,,14,,,,1,4,原台南州立農事試驗場宿舍群,327,morphology_candidate,unreviewed,not_assessed,not_assessed,OpenStreetMap derived
trace:府連路:1489164086-start,1489164086-start,府連路,alley_trace,120.2111718,22.9843551,步道 #1489164086,,17,,,,0.85,2,台南法華寺,182,morphology_candidate,unreviewed,not_assessed,not_assessed,OpenStreetMap derived
trace:府連路:1425966956-end,1425966956-end,府連路,alley_trace,120.2171858,22.987033,步道 #1425966956,,37,,,,0.4,4,臺南東門長老教會禮拜堂,182,morphology_candidate,unreviewed,not_assessed,not_assessed,OpenStreetMap derived
trace:府連路:160700593-end,160700593-end,府連路,alley_trace,120.2164438,22.9852136,服務道路 #160700593,,41,,,,1,3,臺南東門長老教會禮拜堂,298,morphology_candidate,unreviewed,not_assessed,not_assessed,OpenStreetMap derived
trace:府連路:569045793-end,569045793-end,府連路,alley_trace,120.2092908,22.9820987,法華街147巷,,44,,,,1,3,台南法華寺,200,morphology_candidate,unreviewed,not_assessed,not_assessed,OpenStreetMap derived
stitch:府連路:186109347-end--160700593-end,186109347-end--160700593-end,府連路,stitch_point,120.2166952,22.9851247,光華街119巷,服務道路 #160700593,,55,282,5.1,,4,臺南東門長老教會禮拜堂,315,connectivity_candidate,unreviewed,not_assessed,not_assessed,OpenStreetMap derived
trace:慶東街:186109351-end,186109351-end,慶東街,alley_trace,120.2164901,22.9881137,東門路一段211巷,,27,,,,0.9,4,臺南東門長老教會禮拜堂,98,morphology_candidate,unreviewed,not_assessed,not_assessed,OpenStreetMap derived
trace:慶東街:551418939-end,551418939-end,慶東街,alley_trace,120.2160314,22.989274,服務道路 #551418939,,32,,,,0.99,5,臺南東門長老教會禮拜堂,172,morphology_candidate,unreviewed,not_assessed,not_assessed,OpenStreetMap derived
trace:慶東街:607315962-end,607315962-end,慶東街,alley_trace,120.2169227,22.9925078,步道 #607315962,,33,,,,0.96,5,原臺南州立第二中學校校舍本館暨講堂,200,morphology_candidate,unreviewed,not_assessed,not_assessed,OpenStreetMap derived
trace:慶東街:1378244132-end,1378244132-end,慶東街,alley_trace,120.215854,22.9876694,步道 #1378244132,,34,,,,0.97,2,臺南東門長老教會禮拜堂,28,morphology_candidate,unreviewed,not_assessed,not_assessed,OpenStreetMap derived
trace:慶東街:551418941-end,551418941-end,慶東街,alley_trace,120.2157581,22.9883486,服務道路 #551418941,,50,,,,0.96,3,臺南東門長老教會禮拜堂,66,morphology_candidate,unreviewed,not_assessed,not_assessed,OpenStreetMap derived
stitch:慶東街:186109351-end--551418941-end,186109351-end--551418941-end,慶東街,stitch_point,120.2161241,22.9882311,東門路一段211巷,服務道路 #551418941,,79,392,4.9,,3,臺南東門長老教會禮拜堂,74,connectivity_candidate,unreviewed,not_assessed,not_assessed,OpenStreetMap derived
trace:國華街一段:160056941-end,160056941-end,國華街一段,alley_trace,120.1965442,22.9842907,西門路一段575巷,,10,,,,1,0,,,morphology_candidate,unreviewed,not_assessed,not_assessed,OpenStreetMap derived
trace:國華街一段:160056934-start,160056934-start,國華街一段,alley_trace,120.1966893,22.9824418,服務道路 #160056934,,21,,,,1,0,,,morphology_candidate,unreviewed,not_assessed,not_assessed,OpenStreetMap derived
trace:國華街一段:309161395-start,309161395-start,國華街一段,alley_trace,120.1967769,22.9829206,服務道路 #309161395,,31,,,,1,0,,,morphology_candidate,unreviewed,not_assessed,not_assessed,OpenStreetMap derived
trace:國華街一段:1013683833-end,1013683833-end,國華街一段,alley_trace,120.196145,22.9820922,服務道路 #1013683833,,35,,,,0.95,0,,,morphology_candidate,unreviewed,not_assessed,not_assessed,OpenStreetMap derived
trace:國華街一段:1305995748-end,1305995748-end,國華街一段,alley_trace,120.1967694,22.9865291,服務道路 #1305995748,,39,,,,1,1,原臺南刑務所木造建築群,318,morphology_candidate,unreviewed,not_assessed,not_assessed,OpenStreetMap derived
stitch:國華街一段:160056934-start--1013683833-end,160056934-start--1013683833-end,國華街一段,stitch_point,120.1964172,22.982267,服務道路 #160056934,服務道路 #1013683833,,68,381,5.6,,0,,,connectivity_candidate,unreviewed,not_assessed,not_assessed,OpenStreetMap derived
trace:中正路:1254850801-end,1254850801-end,中正路,alley_trace,120.1931517,22.994,階梯 #1254850801,,14,,,,1,3,原台南運河海關,263,morphology_candidate,unreviewed,not_assessed,not_assessed,OpenStreetMap derived
trace:中正路:1348421618-start,1348421618-start,中正路,alley_trace,120.1931673,22.9933696,步道 #1348421618,,24,,,,1,2,原台南運河海關,332,morphology_candidate,unreviewed,not_assessed,not_assessed,OpenStreetMap derived
trace:中正路:1489164053-start,1489164053-start,中正路,alley_trace,120.1922915,22.9935542,步道 #1489164053,,24,,,,1,1,原台南運河海關,309,morphology_candidate,unreviewed,not_assessed,not_assessed,OpenStreetMap derived
trace:中正路:1348421619-start,1348421619-start,中正路,alley_trace,120.1934067,22.9932965,步道 #1348421619,,27,,,,1,3,原台南運河海關,345,morphology_candidate,unreviewed,not_assessed,not_assessed,OpenStreetMap derived
trace:中正路:286217314-end,286217314-end,中正路,alley_trace,120.2012425,22.9918529,永福路二段54巷,,34,,,,1,30,清代道署遺構,130,morphology_candidate,unreviewed,not_assessed,not_assessed,OpenStreetMap derived
trace:中正路:162054310-end,162054310-end,中正路,alley_trace,120.194422,22.9942836,民生路二段173巷,,45,,,,1,8,原台南運河海關,290,morphology_candidate,unreviewed,not_assessed,not_assessed,OpenStreetMap derived
trace:勝利路:601728082-start,601728082-start,勝利路,alley_trace,120.2183588,22.9967705,服務道路 #601728082,,12,,,,1,3,原台南高等工業學校校舍,133,morphology_candidate,unreviewed,not_assessed,not_assessed,OpenStreetMap derived
trace:勝利路:1465120947-start,1465120947-start,勝利路,alley_trace,120.2184521,22.9977163,服務道路 #1465120947,,14,,,,1,3,原台南高等工業學校校舍,146,morphology_candidate,unreviewed,not_assessed,not_assessed,OpenStreetMap derived
trace:勝利路:1465120949-start,1465120949-start,勝利路,alley_trace,120.2186513,22.9981037,步道 #1465120949,,31,,,,1,2,原台南高等工業學校校舍,160,morphology_candidate,unreviewed,not_assessed,not_assessed,OpenStreetMap derived
trace:勝利路:161409452-start,161409452-start,勝利路,alley_trace,120.2185295,23.0045504,服務道路 #161409452,,37,,,,0.95,2,原日軍台南衛戍病院,382,morphology_candidate,unreviewed,not_assessed,not_assessed,OpenStreetMap derived
trace:勝利路:1539906967-start,1539906967-start,勝利路,alley_trace,120.2184616,23.0049598,東豐路85巷,,47,,,,0.91,2,原日軍台南衛戍病院,408,morphology_candidate,unreviewed,not_assessed,not_assessed,OpenStreetMap derived
trace:勝利路:161409490-end,161409490-end,勝利路,alley_trace,120.2182106,23.006,開元路90巷,,54,,,,1,2,原台南中學校講堂,454,morphology_candidate,unreviewed,not_assessed,not_assessed,OpenStreetMap derived
trace:康樂街:1458266649-start,1458266649-start,康樂街,alley_trace,120.1985461,23.0034582,步道 #1458266649,,9,,,,0.46,1,原寶公學校本館,432,morphology_candidate,unreviewed,not_assessed,not_assessed,OpenStreetMap derived
trace:康樂街:162054303-end,162054303-end,康樂街,alley_trace,120.195286,22.9949975,步道 #162054303,,23,,,,0.99,9,接官亭,225,morphology_candidate,unreviewed,not_assessed,not_assessed,OpenStreetMap derived
trace:康樂街:162054296-end,162054296-end,康樂街,alley_trace,120.1967018,22.9982645,海安路二段259巷,,35,,,,1,9,金華府,101,morphology_candidate,unreviewed,not_assessed,not_assessed,OpenStreetMap derived
trace:康樂街:162054290-end,162054290-end,康樂街,alley_trace,120.1967734,22.9984262,海安路二段269巷,,36,,,,1,9,金華府,120,morphology_candidate,unreviewed,not_assessed,not_assessed,OpenStreetMap derived
trace:康樂街:683839951-end,683839951-end,康樂街,alley_trace,120.1951075,22.9962665,服務道路 #683839951,,43,,,,0.57,9,接官亭,99,morphology_candidate,unreviewed,not_assessed,not_assessed,OpenStreetMap derived
trace:康樂街:1458266629-end,1458266629-end,康樂街,alley_trace,120.1978827,23.0030101,步道 #1458266629,,44,,,,1,2,臺灣府城城門及城垣殘蹟,439,morphology_candidate,unreviewed,not_assessed,not_assessed,OpenStreetMap derived
trace:中山路:1462302930-end,1462302930-end,中山路,alley_trace,120.2082404,22.994762,步道 #1462302930,,14,,,,0.56,13,原台南公會堂,224,morphology_candidate,unreviewed,not_assessed,not_assessed,OpenStreetMap derived
trace:中山路:1233845232-end,1233845232-end,中山路,alley_trace,120.2052987,22.9926744,步道 #1233845232,,18,,,,0.97,30,原台南大正公園,27,morphology_candidate,unreviewed,not_assessed,not_assessed,OpenStreetMap derived
trace:中山路:507808418-end,507808418-end,中山路,alley_trace,120.2056591,22.9931934,服務道路 #507808418,,18,,,,0.7,29,原臺南測候所,81,morphology_candidate,unreviewed,not_assessed,not_assessed,OpenStreetMap derived
trace:中山路:160314785-end,160314785-end,中山路,alley_trace,120.2107786,22.9967465,西華南街120巷,,43,,,,0.67,4,臺南火車站,171,morphology_candidate,unreviewed,not_assessed,not_assessed,OpenStreetMap derived
trace:中山路:1462302937-end,1462302937-end,中山路,alley_trace,120.2103566,22.99653,服務道路 #1462302937,,48,,,,0.69,7,臺南火車站,219,morphology_candidate,unreviewed,not_assessed,not_assessed,OpenStreetMap derived
trace:中山路:1170873270-end,1170873270-end,中山路,alley_trace,120.2095321,22.9960355,服務道路 #1170873270,,51,,,,0.52,9,臺南火車站,318,morphology_candidate,unreviewed,not_assessed,not_assessed,OpenStreetMap derived
trace:文賢路:1458266620-end,1458266620-end,文賢路,alley_trace,120.1946189,23.0018209,步道 #1458266620,,4,,,,0.57,1,臺灣府城城門及城垣殘蹟,122,morphology_candidate,unreviewed,not_assessed,not_assessed,OpenStreetMap derived
trace:文賢路:1489164079-start,1489164079-start,文賢路,alley_trace,120.1951383,22.9993021,步道 #1489164079,,11,,,,0.47,7,臺灣府城城門及城垣殘蹟,179,morphology_candidate,unreviewed,not_assessed,not_assessed,OpenStreetMap derived
trace:文賢路:595527300-end,595527300-end,文賢路,alley_trace,120.1942259,23.0013397,臨安路一段212巷,,29,,,,0.84,2,臺灣府城城門及城垣殘蹟,67,morphology_candidate,unreviewed,not_assessed,not_assessed,OpenStreetMap derived
trace:文賢路:1458266622-end,1458266622-end,文賢路,alley_trace,120.194956,23.002167,步道 #1458266622,,34,,,,0.94,1,臺灣府城城門及城垣殘蹟,169,morphology_candidate,unreviewed,not_assessed,not_assessed,OpenStreetMap derived
trace:文賢路:159130351-end,159130351-end,文賢路,alley_trace,120.1940625,23.0011017,臨安路一段212巷,,38,,,,0.84,4,臺灣府城城門及城垣殘蹟,50,morphology_candidate,unreviewed,not_assessed,not_assessed,OpenStreetMap derived
trace:文賢路:571273030-end,571273030-end,文賢路,alley_trace,120.1932592,23.0074881,服務道路 #571273030,,47,,,,1,0,,,morphology_candidate,unreviewed,not_assessed,not_assessed,OpenStreetMap derived
trace:府前路二段:672530579-end,672530579-end,府前路二段,alley_trace,120.1958545,22.9907086,保安路88巷,,22,,,,1,5,蕭氏節孝坊,315,morphology_candidate,unreviewed,not_assessed,not_assessed,OpenStreetMap derived
trace:府前路二段:1484061845-start,1484061845-start,府前路二段,alley_trace,120.1928678,22.9910696,步道 #1484061845,,46,,,,1,0,,,morphology_candidate,unreviewed,not_assessed,not_assessed,OpenStreetMap derived
trace:府前路二段:1458266679-start,1458266679-start,府前路二段,alley_trace,120.1940073,22.9908398,步道 #1458266679,,47,,,,1,0,,,morphology_candidate,unreviewed,not_assessed,not_assessed,OpenStreetMap derived
trace:府前路二段:1484064336-start,1484064336-start,府前路二段,alley_trace,120.1967068,22.9902931,步道 #1484064336,,48,,,,1,6,蕭氏節孝坊,230,morphology_candidate,unreviewed,not_assessed,not_assessed,OpenStreetMap derived
trace:府前路二段:1484064337-start,1484064337-start,府前路二段,alley_trace,120.1968366,22.9902609,步道 #1484064337,,49,,,,1,6,蕭氏節孝坊,217,morphology_candidate,unreviewed,not_assessed,not_assessed,OpenStreetMap derived
trace:府前路二段:1484061807-end,1484061807-end,府前路二段,alley_trace,120.1886515,22.9928408,步道 #1484061807,,55,,,,1,0,,,morphology_candidate,unreviewed,not_assessed,not_assessed,OpenStreetMap derived
trace:公園北路:303466926-end,303466926-end,公園北路,alley_trace,120.2133117,23.0035706,通路 #303466926,,45,,,,1,4,原臺南公園管理所,189,morphology_candidate,unreviewed,not_assessed,not_assessed,OpenStreetMap derived
trace:公園北路:1451046444-start,1451046444-start,公園北路,alley_trace,120.2139395,23.004365,步道 #1451046444,,50,,,,0.94,4,原台南中學校講堂,124,morphology_candidate,unreviewed,not_assessed,not_assessed,OpenStreetMap derived
trace:公園北路:303466869-end,303466869-end,公園北路,alley_trace,120.2117756,23.0038398,通路 #303466869,,51,,,,0.86,6,原臺南公園管理所,80,morphology_candidate,unreviewed,not_assessed,not_assessed,OpenStreetMap derived
trace:公園北路:1284294623-end,1284294623-end,公園北路,alley_trace,120.2061335,23.0059959,步道 #1284294623,,55,,,,0.98,1,原日軍步兵第二聯隊官舍群,315,morphology_candidate,unreviewed,not_assessed,not_assessed,OpenStreetMap derived
stitch:公園北路:303466926-end--1451046444-start,303466926-end--1451046444-start,公園北路,stitch_point,120.2136256,23.0039678,通路 #303466926,步道 #1451046444,,109,,,,4,原台南中學校講堂,168,connectivity_candidate,unreviewed,not_assessed,not_assessed,OpenStreetMap derived
trace:府前路一段:1348421511-start,1348421511-start,府前路一段,alley_trace,120.2075898,22.9888682,步道 #1348421511,,13,,,,0.73,15,臺南德化堂,152,morphology_candidate,unreviewed,not_assessed,not_assessed,OpenStreetMap derived
trace:府前路一段:1348421513-end,1348421513-end,府前路一段,alley_trace,120.207874,22.9888414,步道 #1348421513,,15,,,,0.64,13,臺南德化堂,181,morphology_candidate,unreviewed,not_assessed,not_assessed,OpenStreetMap derived
trace:府前路一段:1306725370-start,1306725370-start,府前路一段,alley_trace,120.2002837,22.9896194,步道 #1306725370,,36,,,,0.99,17,臺南地方法院,73,morphology_candidate,unreviewed,not_assessed,not_assessed,OpenStreetMap derived
trace:府前路一段:565654031-end,565654031-end,府前路一段,alley_trace,120.1986697,22.9905507,服務道路 #565654031,,36,,,,0.98,13,蕭氏節孝坊,27,morphology_candidate,unreviewed,not_assessed,not_assessed,OpenStreetMap derived
trace:府前路一段:1108476438-end,1108476438-end,府前路一段,alley_trace,120.2094497,22.9893647,府前路一段90巷34弄,,47,,,,0.7,8,臺南東嶽殿,129,morphology_candidate,unreviewed,not_assessed,not_assessed,OpenStreetMap derived
trace:友愛街:690983855-start,690983855-start,友愛街,alley_trace,120.2034052,22.990444,步道 #690983855,,42,,,,1,26,原台南武德殿,7,morphology_candidate,unreviewed,not_assessed,not_assessed,OpenStreetMap derived
trace:友愛街:1348421613-end,1348421613-end,友愛街,alley_trace,120.1944977,22.9929671,步道 #1348421613,,50,,,,1,4,西市場,396,morphology_candidate,unreviewed,not_assessed,not_assessed,OpenStreetMap derived
trace:友愛街:1348421618-end,1348421618-end,友愛街,alley_trace,120.1931416,22.9932503,步道 #1348421618,,53,,,,0.98,2,原台南運河海關,344,morphology_candidate,unreviewed,not_assessed,not_assessed,OpenStreetMap derived
trace:友愛街:1458266661-end,1458266661-end,友愛街,alley_trace,120.1949667,22.9919185,服務道路 #1458266661,,53,,,,0.98,4,原台南州青果同業組合香蕉倉庫,379,morphology_candidate,unreviewed,not_assessed,not_assessed,OpenStreetMap derived
trace:友愛街:1410490228-start,1410490228-start,友愛街,alley_trace,120.1980216,22.9912877,步道 #1410490228,,54,,,,1,10,蕭氏節孝坊,123,morphology_candidate,unreviewed,not_assessed,not_assessed,OpenStreetMap derived
trace:青年路:279034596-start,279034596-start,青年路,alley_trace,120.2067522,22.9920748,開山路3巷,,18,,,,0.99,24,原台南大正公園,183,morphology_candidate,unreviewed,not_assessed,not_assessed,OpenStreetMap derived
trace:青年路:551418948-end,551418948-end,青年路,alley_trace,120.2085588,22.9922792,服務道路 #551418948,,33,,,,1,15,臺灣府城隍廟,60,morphology_candidate,unreviewed,not_assessed,not_assessed,OpenStreetMap derived
trace:青年路:209719646-end,209719646-end,青年路,alley_trace,120.2101019,22.9914392,服務道路 #209719646,,35,,,,1,6,原住吉組宅邸（高家宅邸）,64,morphology_candidate,unreviewed,not_assessed,not_assessed,OpenStreetMap derived
trace:青年路:551418934-start,551418934-start,青年路,alley_trace,120.2167073,22.9908419,慶東街180巷,,40,,,,0.97,6,原台南長老教女學校本館暨講堂,230,morphology_candidate,unreviewed,not_assessed,not_assessed,OpenStreetMap derived
trace:青年路:1524793270-end,1524793270-end,青年路,alley_trace,120.2080684,22.9924789,步道 #1524793270,,46,,,,0.73,17,臺灣府城隍廟,115,morphology_candidate,unreviewed,not_assessed,not_assessed,OpenStreetMap derived
trace:開山路:1348421553-start,1348421553-start,開山路,alley_trace,120.2111775,22.9850445,步道 #1348421553,,14,,,,0.87,2,台南法華寺,217,morphology_candidate,unreviewed,not_assessed,not_assessed,OpenStreetMap derived
trace:開山路:1348421512-end,1348421512-end,開山路,alley_trace,120.2079226,22.988919,步道 #1348421512,,16,,,,0.65,13,臺南德化堂,185,morphology_candidate,unreviewed,not_assessed,not_assessed,OpenStreetMap derived
trace:開山路:578774127-end,578774127-end,開山路,alley_trace,120.2068004,22.9896309,開山路122巷36弄,,23,,,,0.83,22,臺南德化堂,88,morphology_candidate,unreviewed,not_assessed,not_assessed,OpenStreetMap derived
trace:開山路:578774104-end,578774104-end,開山路,alley_trace,120.2061774,22.990594,府中街98巷,,26,,,,0.99,26,原嘉南大圳組合事務所,100,morphology_candidate,unreviewed,not_assessed,not_assessed,OpenStreetMap derived
trace:開山路:1348421556-end,1348421556-end,開山路,alley_trace,120.2111751,22.9855129,步道 #1348421556,,47,,,,0.7,4,台南法華寺,251,morphology_candidate,unreviewed,not_assessed,not_assessed,OpenStreetMap derived
trace:民權路一段:1348421519-start,1348421519-start,民權路一段,alley_trace,120.2109037,22.9889874,步道 #1348421519,,29,,,,0.82,7,臺南東嶽殿,233,morphology_candidate,unreviewed,not_assessed,not_assessed,OpenStreetMap derived
trace:民權路一段:161156231-end,161156231-end,民權路一段,alley_trace,120.2068029,22.9929576,青年路47巷,,34,,,,1,25,原台南公會堂,168,morphology_candidate,unreviewed,not_assessed,not_assessed,OpenStreetMap derived
trace:民權路一段:1348421520-start,1348421520-start,民權路一段,alley_trace,120.2114272,22.9894181,步道 #1348421520,,41,,,,0.59,6,臺南東嶽殿,245,morphology_candidate,unreviewed,not_assessed,not_assessed,OpenStreetMap derived
trace:民權路一段:577735652-end,577735652-end,民權路一段,alley_trace,120.2074228,22.9916944,開山路3巷,,50,,,,0.61,23,臺灣府城隍廟,173,morphology_candidate,unreviewed,not_assessed,not_assessed,OpenStreetMap derived
trace:民權路一段:160326864-end,160326864-end,民權路一段,alley_trace,120.2074682,22.9915882,府前路一段122巷,,52,,,,1,23,臺灣府城隍廟,171,morphology_candidate,unreviewed,not_assessed,not_assessed,OpenStreetMap derived
trace:育樂街:1381329304-end,1381329304-end,育樂街,alley_trace,120.2149656,22.9962761,步道 #1381329304,,3,,,,1,7,原臺南州立第二中學校校舍本館暨講堂,266,morphology_candidate,unreviewed,not_assessed,not_assessed,OpenStreetMap derived
trace:育樂街:1381329303-start,1381329303-start,育樂街,alley_trace,120.2149874,22.9964163,步道 #1381329303,,4,,,,1,7,原臺南州立第二中學校校舍本館暨講堂,278,morphology_candidate,unreviewed,not_assessed,not_assessed,OpenStreetMap derived
trace:育樂街:1381329301-start,1381329301-start,育樂街,alley_trace,120.2148456,22.995875,步道 #1381329301,,4,,,,0.84,6,原臺南州立第二中學校校舍本館暨講堂,235,morphology_candidate,unreviewed,not_assessed,not_assessed,OpenStreetMap derived
trace:育樂街:1381329291-end,1381329291-end,育樂街,alley_trace,120.2155372,22.9957541,步道 #1381329291,,9,,,,0.56,7,原臺南州立第二中學校校舍本館暨講堂,188,morphology_candidate,unreviewed,not_assessed,not_assessed,OpenStreetMap derived
trace:育樂街:188191228-start,188191228-start,育樂街,alley_trace,120.2177903,22.9952123,步道 #188191228,,22,,,,1,4,原臺南州立第二中學校校舍本館暨講堂,198,morphology_candidate,unreviewed,not_assessed,not_assessed,OpenStreetMap derived
trace:大埔街:1448539058-end,1448539058-end,大埔街,alley_trace,120.2071384,22.9873132,階梯 #1448539058,,8,,,,1,10,原台南高等女學校本館,84,morphology_candidate,unreviewed,not_assessed,not_assessed,OpenStreetMap derived
trace:大埔街:1378244144-end,1378244144-end,大埔街,alley_trace,120.2089736,22.987214,步道 #1378244144,,10,,,,0.48,5,原台南高等女學校本館,248,morphology_candidate,unreviewed,not_assessed,not_assessed,OpenStreetMap derived
trace:大埔街:1448539037-start,1448539037-start,大埔街,alley_trace,120.2064109,22.9873909,階梯 #1448539037,,31,,,,0.99,12,原台南高等女學校本館,75,morphology_candidate,unreviewed,not_assessed,not_assessed,OpenStreetMap derived
trace:大埔街:578817529-end,578817529-end,大埔街,alley_trace,120.2065678,22.9881009,府前路一段175巷,,38,,,,0.41,14,臺南德化堂,123,morphology_candidate,unreviewed,not_assessed,not_assessed,OpenStreetMap derived
trace:大埔街:1378244149-start,1378244149-start,大埔街,alley_trace,120.2100164,22.9862576,步道 #1378244149,,50,,,,0.43,4,台南法華寺,270,morphology_candidate,unreviewed,not_assessed,not_assessed,OpenStreetMap derived
trace:河中街:1254850801-end,1254850801-end,河中街,alley_trace,120.1931517,22.994,階梯 #1254850801,,28,,,,0.49,3,原台南運河海關,263,morphology_candidate,unreviewed,not_assessed,not_assessed,OpenStreetMap derived
trace:河中街:1458266606-start,1458266606-start,河中街,alley_trace,120.1938493,22.9960092,步道 #1458266606,,43,,,,1,5,原台南運河海關,128,morphology_candidate,unreviewed,not_assessed,not_assessed,OpenStreetMap derived
trace:河中街:1484061935-start,1484061935-start,河中街,alley_trace,120.1934054,22.994146,步道 #1484061935,,46,,,,1,5,原台南運河海關,253,morphology_candidate,unreviewed,not_assessed,not_assessed,OpenStreetMap derived
trace:河中街:1484061832-start,1484061832-start,河中街,alley_trace,120.1933874,22.9939917,步道 #1484061832,,49,,,,0.99,5,原台南運河海關,269,morphology_candidate,unreviewed,not_assessed,not_assessed,OpenStreetMap derived
trace:河中街:1458266604-start,1458266604-start,河中街,alley_trace,120.1939494,22.996312,步道 #1458266604,,49,,,,0.87,7,原台南運河海關,134,morphology_candidate,unreviewed,not_assessed,not_assessed,OpenStreetMap derived
trace:臨安路一段:505876947-end,505876947-end,臨安路一段,alley_trace,120.192417,23.0008555,服務道路 #505876947,,23,,,,1,1,臺灣府城城門及城垣殘蹟,200,morphology_candidate,unreviewed,not_assessed,not_assessed,OpenStreetMap derived
trace:臨安路一段:159130350-start,159130350-start,臨安路一段,alley_trace,120.1912195,22.9991196,大新街35巷,,31,,,,0.89,2,原台南運河海關,344,morphology_candidate,unreviewed,not_assessed,not_assessed,OpenStreetMap derived
trace:臨安路一段:1489164074-start,1489164074-start,臨安路一段,alley_trace,120.1925297,23.000121,步道 #1489164074,,38,,,,0.47,4,臺灣府城城門及城垣殘蹟,201,morphology_candidate,unreviewed,not_assessed,not_assessed,OpenStreetMap derived
stitch:臨安路一段:505876947-end--1489164074-start,505876947-end--1489164074-start,臨安路一段,stitch_point,120.1924734,23.0004883,服務道路 #505876947,步道 #1489164074,,82,230,2.8,,3,臺灣府城城門及城垣殘蹟,196,connectivity_candidate,unreviewed,not_assessed,not_assessed,OpenStreetMap derived
trace:西華街:566636184-start,566636184-start,西華街,alley_trace,120.2109621,22.999739,服務道路 #566636184,,23,,,,1,6,西華堂,70,morphology_candidate,unreviewed,not_assessed,not_assessed,OpenStreetMap derived
trace:西華街:1176918912-end,1176918912-end,西華街,alley_trace,120.2103793,22.9995629,步道 #1176918912,,31,,,,0.99,8,西華堂,9,morphology_candidate,unreviewed,not_assessed,not_assessed,OpenStreetMap derived
trace:西華街:1170873282-end,1170873282-end,西華街,alley_trace,120.2100201,22.997199,服務道路 #1170873282,,37,,,,0.43,7,臺南火車站,240,morphology_candidate,unreviewed,not_assessed,not_assessed,OpenStreetMap derived
stitch:西華街:566636184-start--1176918912-end,566636184-start--1176918912-end,西華街,stitch_point,120.2106707,22.999651,服務道路 #566636184,步道 #1176918912,,63,720,11.5,,8,西華堂,39,connectivity_candidate,unreviewed,not_assessed,not_assessed,OpenStreetMap derived
trace:友愛東街:1456484198-end,1456484198-end,友愛東街,alley_trace,120.2074839,22.9921016,步道 #1456484198,,10,,,,0.58,23,臺灣府城隍廟,163,morphology_candidate,unreviewed,not_assessed,not_assessed,OpenStreetMap derived
trace:友愛東街:577735653-end,577735653-end,友愛東街,alley_trace,120.2066936,22.9916406,開山路3巷,,16,,,,0.67,25,原台南警察署,168,morphology_candidate,unreviewed,not_assessed,not_assessed,OpenStreetMap derived
trace:友愛東街:578774104-end,578774104-end,友愛東街,alley_trace,120.2061774,22.990594,府中街98巷,,54,,,,0.39,26,原嘉南大圳組合事務所,100,morphology_candidate,unreviewed,not_assessed,not_assessed,OpenStreetMap derived
stitch:友愛東街:577735653-end--578774104-end,577735653-end--578774104-end,友愛東街,stitch_point,120.2064355,22.9911173,開山路3巷,府中街98巷,,128,473,3.7,,26,原台南警察署,130,connectivity_candidate,unreviewed,not_assessed,not_assessed,OpenStreetMap derived
trace:小東路:763533618-start,763533618-start,小東路,alley_trace,120.2147233,23.0012068,步道 #763533618,,11,,,,0.94,7,原日軍台南衛戍病院,159,morphology_candidate,unreviewed,not_assessed,not_assessed,OpenStreetMap derived
trace:小東路:1451046455-end,1451046455-end,小東路,alley_trace,120.2133515,23.0013816,服務道路 #1451046455,,16,,,,1,8,重道崇文坊,190,morphology_candidate,unreviewed,not_assessed,not_assessed,OpenStreetMap derived
trace:小東路:1176539486-start,1176539486-start,小東路,alley_trace,120.2178713,23.0005507,服務道路 #1176539486,,44,,,,1,3,原日軍臺灣步兵第二聯隊營舍,206,morphology_candidate,unreviewed,not_assessed,not_assessed,OpenStreetMap derived
trace:小東路:1429455514-end,1429455514-end,小東路,alley_trace,120.2148088,23.0008729,步道 #1429455514,,47,,,,1,7,原日軍臺灣步兵第二聯隊營舍,179,morphology_candidate,unreviewed,not_assessed,not_assessed,OpenStreetMap derived
trace:臨安路二段:1458266651-end,1458266651-end,臨安路二段,alley_trace,120.2030848,23.0051203,步道 #1458266651,,8,,,,0.46,3,烏鬼井,386,morphology_candidate,unreviewed,not_assessed,not_assessed,OpenStreetMap derived
trace:臨安路二段:198561513-end,198561513-end,臨安路二段,alley_trace,120.1957598,23.0020282,成功路572巷,,29,,,,0.52,1,臺灣府城城門及城垣殘蹟,201,morphology_candidate,unreviewed,not_assessed,not_assessed,OpenStreetMap derived
trace:臨安路二段:1458266652-start,1458266652-start,臨安路二段,alley_trace,120.2027958,23.0053505,步道 #1458266652,,43,,,,0.49,2,烏鬼井,418,morphology_candidate,unreviewed,not_assessed,not_assessed,OpenStreetMap derived
trace:臨安路二段:1470228065-start,1470228065-start,臨安路二段,alley_trace,120.2037167,23.0048226,步道 #1470228065,,50,,,,0.41,4,烏鬼井,342,morphology_candidate,unreviewed,not_assessed,not_assessed,OpenStreetMap derived
trace:樹林街二段:1378244149-start,1378244149-start,樹林街二段,alley_trace,120.2100164,22.9862576,步道 #1378244149,,11,,,,0.39,4,台南法華寺,270,morphology_candidate,unreviewed,not_assessed,not_assessed,OpenStreetMap derived
trace:樹林街二段:1463841327-end,1463841327-end,樹林街二段,alley_trace,120.2076175,22.9856688,服務道路 #1463841327,,42,,,,1,7,原臺南師範學校本館,103,morphology_candidate,unreviewed,not_assessed,not_assessed,OpenStreetMap derived
trace:樹林街二段:1448538998-end,1448538998-end,樹林街二段,alley_trace,120.2079323,22.986289,步道 #1448538998,,43,,,,1,7,原台南高等女學校本館,145,morphology_candidate,unreviewed,not_assessed,not_assessed,OpenStreetMap derived
trace:樹林街二段:522340475-start,522340475-start,樹林街二段,alley_trace,120.2014665,22.9858782,南寧街106巷,,47,,,,1,5,原台南放送局,246,morphology_candidate,unreviewed,not_assessed,not_assessed,OpenStreetMap derived
trace:中華西路二段:571273019-start,571273019-start,中華西路二段,alley_trace,120.1867736,23.0061711,服務道路 #571273019,,30,,,,1,0,,,morphology_candidate,unreviewed,not_assessed,not_assessed,OpenStreetMap derived
trace:中華西路二段:571273017-start,571273017-start,中華西路二段,alley_trace,120.1873771,23.0024301,中華西路二段580巷,,32,,,,1,0,,,morphology_candidate,unreviewed,not_assessed,not_assessed,OpenStreetMap derived
trace:中華西路二段:648618082-end,648618082-end,中華西路二段,alley_trace,120.1874645,23.0016446,中華西路二段550巷30弄,,40,,,,1,0,,,morphology_candidate,unreviewed,not_assessed,not_assessed,OpenStreetMap derived
trace:中華西路二段:440596566-start,440596566-start,中華西路二段,alley_trace,120.1868987,23.0065819,和緯路四段277巷8弄,,52,,,,0.94,0,,,morphology_candidate,unreviewed,not_assessed,not_assessed,OpenStreetMap derived
trace:忠義路二段:1348421606-end,1348421606-end,忠義路二段,alley_trace,120.2052959,22.9984665,步道 #1348421606,,34,,,,0.99,19,大觀音亭,87,morphology_candidate,unreviewed,not_assessed,not_assessed,OpenStreetMap derived
trace:忠義路二段:1348421610-start,1348421610-start,忠義路二段,alley_trace,120.2052585,22.9982304,步道 #1348421610,,37,,,,0.98,20,大觀音亭,95,morphology_candidate,unreviewed,not_assessed,not_assessed,OpenStreetMap derived
trace:忠義路二段:1498092235-end,1498092235-end,忠義路二段,alley_trace,120.20365,22.9961722,服務道路 #1498092235,,40,,,,1,31,萬福庵照牆,73,morphology_candidate,unreviewed,not_assessed,not_assessed,OpenStreetMap derived
trace:忠義路二段:545315837-end,545315837-end,忠義路二段,alley_trace,120.2029916,22.994501,永福路二段158巷,,46,,,,1,35,陳德聚堂,82,morphology_candidate,unreviewed,not_assessed,not_assessed,OpenStreetMap derived
trace:大同路一段:1348421552-end,1348421552-end,大同路一段,alley_trace,120.2111511,22.984365,步道 #1348421552,,7,,,,0.65,2,台南法華寺,180,morphology_candidate,unreviewed,not_assessed,not_assessed,OpenStreetMap derived
trace:大同路一段:1348421551-end,1348421551-end,大同路一段,alley_trace,120.2110846,22.9850536,步道 #1348421551,,14,,,,0.76,3,台南法華寺,210,morphology_candidate,unreviewed,not_assessed,not_assessed,OpenStreetMap derived
trace:大同路一段:1378244134-end,1378244134-end,大同路一段,alley_trace,120.2116943,22.9883662,服務道路 #1378244134,,26,,,,0.44,5,原臺南神學校校舍暨禮拜堂,236,morphology_candidate,unreviewed,not_assessed,not_assessed,OpenStreetMap derived
trace:大同路一段:160700576-start,160700576-start,大同路一段,alley_trace,120.2121818,22.9809708,迴轉道,,29,,,,0.72,1,台南法華寺,427,morphology_candidate,unreviewed,not_assessed,not_assessed,OpenStreetMap derived
trace:忠義路三段:1348421608-start,1348421608-start,忠義路三段,alley_trace,120.2048512,22.9985426,步道 #1348421608,,12,,,,0.38,21,王姓大宗祠,125,morphology_candidate,unreviewed,not_assessed,not_assessed,OpenStreetMap derived
trace:忠義路三段:1348421606-end,1348421606-end,忠義路三段,alley_trace,120.2052959,22.9984665,步道 #1348421606,,27,,,,0.99,19,大觀音亭,87,morphology_candidate,unreviewed,not_assessed,not_assessed,OpenStreetMap derived
trace:忠義路三段:1348421610-start,1348421610-start,忠義路三段,alley_trace,120.2052585,22.9982304,步道 #1348421610,,39,,,,0.78,20,大觀音亭,95,morphology_candidate,unreviewed,not_assessed,not_assessed,OpenStreetMap derived
trace:忠義路三段:595116758-end,595116758-end,忠義路三段,alley_trace,120.2053318,23.0006682,步道 #595116758,,42,,,,0.81,13,烏鬼井,181,morphology_candidate,unreviewed,not_assessed,not_assessed,OpenStreetMap derived
trace:河樂廣場:1348421618-start,1348421618-start,河樂廣場,alley_trace,120.1931673,22.9933696,步道 #1348421618,,28,,,,1,2,原台南運河海關,332,morphology_candidate,unreviewed,not_assessed,not_assessed,OpenStreetMap derived
trace:河樂廣場:1489164053-start,1489164053-start,河樂廣場,alley_trace,120.1922915,22.9935542,步道 #1489164053,,28,,,,1,1,原台南運河海關,309,morphology_candidate,unreviewed,not_assessed,not_assessed,OpenStreetMap derived
trace:河樂廣場:1348421619-start,1348421619-start,河樂廣場,alley_trace,120.1934067,22.9932965,步道 #1348421619,,37,,,,1,3,原台南運河海關,345,morphology_candidate,unreviewed,not_assessed,not_assessed,OpenStreetMap derived
trace:河樂廣場:162054310-end,162054310-end,河樂廣場,alley_trace,120.194422,22.9942836,民生路二段173巷,,53,,,,0.98,8,原台南運河海關,290,morphology_candidate,unreviewed,not_assessed,not_assessed,OpenStreetMap derived
trace:西門路四段7巷:1470228053-start,1470228053-start,西門路四段7巷,alley_trace,120.2038964,23.0071983,步道 #1470228053,,29,,,,1,0,,,morphology_candidate,unreviewed,not_assessed,not_assessed,OpenStreetMap derived
trace:西門路四段7巷:1470228055-start,1470228055-start,西門路四段7巷,alley_trace,120.2040112,23.0070615,步道 #1470228055,,35,,,,1,0,,,morphology_candidate,unreviewed,not_assessed,not_assessed,OpenStreetMap derived
trace:西門路四段7巷:1459082210-start,1459082210-start,西門路四段7巷,alley_trace,120.2044572,23.0067748,步道 #1459082210,,36,,,,1,0,,,morphology_candidate,unreviewed,not_assessed,not_assessed,OpenStreetMap derived
trace:西門路四段7巷:1284294621-end,1284294621-end,西門路四段7巷,alley_trace,120.2061272,23.006719,步道 #1284294621,,44,,,,1,1,原日軍步兵第二聯隊官舍群,374,morphology_candidate,unreviewed,not_assessed,not_assessed,OpenStreetMap derived
trace:中成路:1524793247-start,1524793247-start,中成路,alley_trace,120.2051049,22.9976762,服務道路 #1524793247,,14,,,,0.96,24,大觀音亭,140,morphology_candidate,unreviewed,not_assessed,not_assessed,OpenStreetMap derived
trace:中成路:1524793253-start,1524793253-start,中成路,alley_trace,120.2054159,22.9965883,服務道路 #1524793253,,35,,,,0.99,24,全臺吳氏大宗祠,25,morphology_candidate,unreviewed,not_assessed,not_assessed,OpenStreetMap derived
trace:中成路:1524793262-start,1524793262-start,中成路,alley_trace,120.2054517,22.9967259,步道 #1524793262,,37,,,,0.78,23,全臺吳氏大宗祠,31,morphology_candidate,unreviewed,not_assessed,not_assessed,OpenStreetMap derived
trace:中成路:1348421608-start,1348421608-start,中成路,alley_trace,120.2048512,22.9985426,步道 #1348421608,,47,,,,0.88,21,王姓大宗祠,125,morphology_candidate,unreviewed,not_assessed,not_assessed,OpenStreetMap derived
trace:興華街:1425966968-start,1425966968-start,興華街,alley_trace,120.2116356,22.9925989,步道 #1425966968,,11,,,,0.55,6,原住吉組宅邸（高家宅邸）,177,morphology_candidate,unreviewed,not_assessed,not_assessed,OpenStreetMap derived
trace:興華街:1456489707-end,1456489707-end,興華街,alley_trace,120.2104691,22.9922109,服務道路 #1456489707,,19,,,,0.52,6,原住吉組宅邸（高家宅邸）,50,morphology_candidate,unreviewed,not_assessed,not_assessed,OpenStreetMap derived
trace:興華街:1456484193-start,1456484193-start,興華街,alley_trace,120.2104849,22.9917744,步道 #1456484193,,21,,,,0.7,6,原住吉組宅邸（高家宅邸）,54,morphology_candidate,unreviewed,not_assessed,not_assessed,OpenStreetMap derived
trace:興華街:209719646-end,209719646-end,興華街,alley_trace,120.2101019,22.9914392,服務道路 #209719646,,35,,,,0.99,6,原住吉組宅邸（高家宅邸）,64,morphology_candidate,unreviewed,not_assessed,not_assessed,OpenStreetMap derived
trace:武聖路160巷8弄:1458266574-start,1458266574-start,武聖路160巷8弄,alley_trace,120.1908075,23.0062545,步道 #1458266574,,46,,,,1,0,,,morphology_candidate,unreviewed,not_assessed,not_assessed,OpenStreetMap derived
trace:武聖路160巷8弄:1458266576-start,1458266576-start,武聖路160巷8弄,alley_trace,120.1897637,23.0067601,步道 #1458266576,,46,,,,1,0,,,morphology_candidate,unreviewed,not_assessed,not_assessed,OpenStreetMap derived
trace:武聖路160巷8弄:1458266577-start,1458266577-start,武聖路160巷8弄,alley_trace,120.189881,23.0067074,步道 #1458266577,,46,,,,1,0,,,morphology_candidate,unreviewed,not_assessed,not_assessed,OpenStreetMap derived
trace:武聖路160巷8弄:1458266575-start,1458266575-start,武聖路160巷8弄,alley_trace,120.1909371,23.0061863,步道 #1458266575,,48,,,,0.96,0,,,morphology_candidate,unreviewed,not_assessed,not_assessed,OpenStreetMap derived
trace:民德路125巷:1459082220-end,1459082220-end,民德路125巷,alley_trace,120.2001682,23.0063855,步道 #1459082220,,19,,,,0.35,0,,,morphology_candidate,unreviewed,not_assessed,not_assessed,OpenStreetMap derived
trace:民德路125巷:1459082221-end,1459082221-end,民德路125巷,alley_trace,120.2001905,23.0065202,步道 #1459082221,,32,,,,0.36,0,,,morphology_candidate,unreviewed,not_assessed,not_assessed,OpenStreetMap derived
trace:民德路125巷:1459082218-end,1459082218-end,民德路125巷,alley_trace,120.1997956,23.0064443,步道 #1459082218,,42,,,,0.79,0,,,morphology_candidate,unreviewed,not_assessed,not_assessed,OpenStreetMap derived
trace:民德路125巷:1459082223-end,1459082223-end,民德路125巷,alley_trace,120.2002028,23.0067159,步道 #1459082223,,52,,,,0.95,0,,,morphology_candidate,unreviewed,not_assessed,not_assessed,OpenStreetMap derived
trace:文祥街:1458266586-start,1458266586-start,文祥街,alley_trace,120.1935748,23.0051583,步道 #1458266586,,5,,,,0.84,1,臺灣府城城門及城垣殘蹟,497,morphology_candidate,unreviewed,not_assessed,not_assessed,OpenStreetMap derived
trace:文祥街:1458266583-end,1458266583-end,文祥街,alley_trace,120.1934854,23.0052558,步道 #1458266583,,9,,,,0.57,0,,,morphology_candidate,unreviewed,not_assessed,not_assessed,OpenStreetMap derived
stitch:文祥街:1458266586-start--1458266583-end,1458266586-start--1458266583-end,文祥街,stitch_point,120.1935301,23.0052071,步道 #1458266586,步道 #1458266583,,14,53,3.7,,0,,,connectivity_candidate,unreviewed,not_assessed,not_assessed,OpenStreetMap derived
trace:信義街:599515633-start,599515633-start,信義街,alley_trace,120.1947855,23.000303,服務道路 #599515633,,27,,,,1,6,臺灣府城城門及城垣殘蹟,66,morphology_candidate,unreviewed,not_assessed,not_assessed,OpenStreetMap derived
trace:信義街:159130351-end,159130351-end,信義街,alley_trace,120.1940625,23.0011017,臨安路一段212巷,,49,,,,0.99,4,臺灣府城城門及城垣殘蹟,50,morphology_candidate,unreviewed,not_assessed,not_assessed,OpenStreetMap derived
stitch:信義街:599515633-start--159130351-end,599515633-start--159130351-end,信義街,stitch_point,120.194424,23.0007023,服務道路 #599515633,臨安路一段212巷,,116,353,3.1,,4,臺灣府城城門及城垣殘蹟,8,connectivity_candidate,unreviewed,not_assessed,not_assessed,OpenStreetMap derived
trace:公園南路:303466923-start,303466923-start,公園南路,alley_trace,120.2125748,23.0002582,通路 #303466923,,28,,,,0.96,7,原臺灣總督府專賣局臺南出張所,145,morphology_candidate,unreviewed,not_assessed,not_assessed,OpenStreetMap derived
trace:公園南路:1493440423-end,1493440423-end,公園南路,alley_trace,120.203664,23.0029685,步道 #1493440423,,41,,,,0.98,6,烏鬼井,139,morphology_candidate,unreviewed,not_assessed,not_assessed,OpenStreetMap derived
trace:公園南路:1365660137-end,1365660137-end,公園南路,alley_trace,120.2092916,23.0014095,步道 #1365660137,,53,,,,0.74,8,西華堂,226,morphology_candidate,unreviewed,not_assessed,not_assessed,OpenStreetMap derived
trace:西門路一段:309161395-end,309161395-end,西門路一段,alley_trace,120.1973056,22.9829255,服務道路 #309161395,,30,,,,1,0,,,morphology_candidate,unreviewed,not_assessed,not_assessed,OpenStreetMap derived
trace:西門路一段:160056949-start,160056949-start,西門路一段,alley_trace,120.1971412,22.985467,國華街一段100巷,,42,,,,1,1,原臺南刑務所木造建築群,399,morphology_candidate,unreviewed,not_assessed,not_assessed,OpenStreetMap derived
trace:西門路一段:160056938-start,160056938-start,西門路一段,alley_trace,120.1971094,22.985744,國華街一段108巷,,44,,,,1,1,原臺南刑務所木造建築群,372,morphology_candidate,unreviewed,not_assessed,not_assessed,OpenStreetMap derived
trace:五妃街:982210684-end,982210684-end,五妃街,alley_trace,120.2066856,22.982606,步道 #982210684,,5,,,,0.99,4,五妃廟,189,morphology_candidate,unreviewed,not_assessed,not_assessed,OpenStreetMap derived
trace:五妃街:160056924-start,160056924-start,五妃街,alley_trace,120.1957253,22.9830145,府緯街115巷,,38,,,,1,0,,,morphology_candidate,unreviewed,not_assessed,not_assessed,OpenStreetMap derived
trace:五妃街:340108513-end,340108513-end,五妃街,alley_trace,120.198026,22.9822276,健康路一段420巷,,46,,,,1,0,,,morphology_candidate,unreviewed,not_assessed,not_assessed,OpenStreetMap derived
trace:北門路二段:303466923-end,303466923-end,北門路二段,alley_trace,120.2127201,23.0008465,通路 #303466923,,23,,,,0.44,7,重道崇文坊,172,morphology_candidate,unreviewed,not_assessed,not_assessed,OpenStreetMap derived
trace:北門路二段:303466836-start,303466836-start,北門路二段,alley_trace,120.2130289,23.002421,通路 #303466836,,25,,,,0.86,7,重道崇文坊,148,morphology_candidate,unreviewed,not_assessed,not_assessed,OpenStreetMap derived
trace:北門路二段:352338589-start,352338589-start,北門路二段,alley_trace,120.2127673,23.002188,步道 #352338589,,47,,,,1,8,重道崇文坊,116,morphology_candidate,unreviewed,not_assessed,not_assessed,OpenStreetMap derived
trace:西門路三段:564012994-end,564012994-end,西門路三段,alley_trace,120.203258,23.0028042,步道 #564012994,,26,,,,0.93,6,烏鬼井,140,morphology_candidate,unreviewed,not_assessed,not_assessed,OpenStreetMap derived
trace:西門路三段:1470228074-end,1470228074-end,西門路三段,alley_trace,120.2040662,23.0040435,步道 #1470228074,,43,,,,0.98,4,烏鬼井,254,morphology_candidate,unreviewed,not_assessed,not_assessed,OpenStreetMap derived
trace:西門路三段:1470228058-start,1470228058-start,西門路三段,alley_trace,120.2041379,23.0042989,步道 #1470228058,,53,,,,0.96,4,烏鬼井,282,morphology_candidate,unreviewed,not_assessed,not_assessed,OpenStreetMap derived
trace:林森路一段:186109367-end,186109367-end,林森路一段,alley_trace,120.2222857,22.985552,東門路二段,,12,,,,0.74,4,許嵩煙故居,98,morphology_candidate,unreviewed,not_assessed,not_assessed,OpenStreetMap derived
trace:林森路一段:1456637145-start,1456637145-start,林森路一段,alley_trace,120.2204153,22.9837395,光華街,,14,,,,1,3,原台南州立農事試驗場辦公廳舍,84,morphology_candidate,unreviewed,not_assessed,not_assessed,OpenStreetMap derived
trace:林森路一段:160700611-start,160700611-start,林森路一段,alley_trace,120.2161419,22.9825332,府連路344巷,,25,,,,1,0,,,morphology_candidate,unreviewed,not_assessed,not_assessed,OpenStreetMap derived
trace:南門路:893932853-start,893932853-start,南門路,alley_trace,120.2050343,22.9922757,步道 #893932853,,10,,,,0.93,29,原台南大正公園,34,morphology_candidate,unreviewed,not_assessed,not_assessed,OpenStreetMap derived
trace:南門路:1499340122-end,1499340122-end,南門路,alley_trace,120.2046335,22.9905806,步道 #1499340122,,19,,,,1,28,原嘉南大圳組合事務所,60,morphology_candidate,unreviewed,not_assessed,not_assessed,OpenStreetMap derived
trace:南門路:1499340125-start,1499340125-start,南門路,alley_trace,120.2044963,22.990651,階梯 #1499340125,,33,,,,1,28,臺南孔子廟,64,morphology_candidate,unreviewed,not_assessed,not_assessed,OpenStreetMap derived
trace:永福路二段:1461473015-end,1461473015-end,永福路二段,alley_trace,120.2011785,22.9944153,服務道路 #1461473015,,28,,,,1,33,陳德聚堂,112,morphology_candidate,unreviewed,not_assessed,not_assessed,OpenStreetMap derived
trace:永福路二段:1306725370-start,1306725370-start,永福路二段,alley_trace,120.2002837,22.9896194,步道 #1306725370,,36,,,,0.97,17,臺南地方法院,73,morphology_candidate,unreviewed,not_assessed,not_assessed,OpenStreetMap derived
trace:永福路二段:1382010164-start,1382010164-start,永福路二段,alley_trace,120.2030059,22.9967873,階梯 #1382010164,,54,,,,0.98,29,萬福庵照牆,66,morphology_candidate,unreviewed,not_assessed,not_assessed,OpenStreetMap derived
trace:民權路二段:507808416-end,507808416-end,民權路二段,alley_trace,120.205897,22.9938484,服務道路 #507808416,,28,,,,1,28,原台南公會堂,57,morphology_candidate,unreviewed,not_assessed,not_assessed,OpenStreetMap derived
trace:民權路二段:507808415-end,507808415-end,民權路二段,alley_trace,120.2056878,22.9938854,服務道路 #507808415,,32,,,,0.99,28,原台南公會堂,64,morphology_candidate,unreviewed,not_assessed,not_assessed,OpenStreetMap derived
trace:民權路二段:507808417-end,507808417-end,民權路二段,alley_trace,120.205957,22.993624,服務道路 #507808417,,47,,,,1,30,原台南公會堂,79,morphology_candidate,unreviewed,not_assessed,not_assessed,OpenStreetMap derived
trace:東門路一段:1425966956-end,1425966956-end,東門路一段,alley_trace,120.2171858,22.987033,步道 #1425966956,,12,,,,1,4,臺南東門長老教會禮拜堂,182,morphology_candidate,unreviewed,not_assessed,not_assessed,OpenStreetMap derived
trace:東門路一段:313194758-start,313194758-start,東門路一段,alley_trace,120.2126407,22.9888943,前鋒路,,37,,,,0.94,5,原臺南神學校校舍暨禮拜堂,129,morphology_candidate,unreviewed,not_assessed,not_assessed,OpenStreetMap derived
trace:東門路一段:186109337-end,186109337-end,東門路一段,alley_trace,120.2168878,22.9876879,服務道路 #186109337,,47,,,,1,4,臺南東門長老教會禮拜堂,132,morphology_candidate,unreviewed,not_assessed,not_assessed,OpenStreetMap derived
trace:衛民街:1506857696-end,1506857696-end,衛民街,alley_trace,120.2069897,22.9936169,步道 #1506857696,,7,,,,0.56,22,原台南公會堂,120,morphology_candidate,unreviewed,not_assessed,not_assessed,OpenStreetMap derived
trace:衛民街:1506857697-end,1506857697-end,衛民街,alley_trace,120.2069145,22.9934524,步道 #1506857697,,12,,,,0.48,24,原台南公會堂,127,morphology_candidate,unreviewed,not_assessed,not_assessed,OpenStreetMap derived
trace:衛民街:161024937-start,161024937-start,衛民街,alley_trace,120.2074405,22.9936174,通路 #161024937,,18,,,,0.56,19,原台南公會堂,158,morphology_candidate,unreviewed,not_assessed,not_assessed,OpenStreetMap derived
trace:正興街:548113610-start,548113610-start,正興街,alley_trace,120.1965538,22.9945894,停車場出口,,8,,,,1,11,西市場,184,morphology_candidate,unreviewed,not_assessed,not_assessed,OpenStreetMap derived
trace:正興街:548113607-end,548113607-end,正興街,alley_trace,120.1962857,22.9946526,停車場入口,,9,,,,1,11,西市場,212,morphology_candidate,unreviewed,not_assessed,not_assessed,OpenStreetMap derived
trace:正興街:1484064329-end,1484064329-end,正興街,alley_trace,120.1990967,22.9944366,步道 #1484064329,,52,,,,1,24,西市場,105,morphology_candidate,unreviewed,not_assessed,not_assessed,OpenStreetMap derived
trace:大仁街:1458266679-end,1458266679-end,大仁街,alley_trace,120.1939829,22.9907294,步道 #1458266679,,45,,,,1,0,,,morphology_candidate,unreviewed,not_assessed,not_assessed,OpenStreetMap derived
trace:大仁街:1458266667-end,1458266667-end,大仁街,alley_trace,120.1947652,22.990597,步道 #1458266667,,49,,,,0.97,3,蕭氏節孝坊,426,morphology_candidate,unreviewed,not_assessed,not_assessed,OpenStreetMap derived
trace:大仁街:1484061844-end,1484061844-end,大仁街,alley_trace,120.1926083,22.9910319,步道 #1484061844,,50,,,,1,0,,,morphology_candidate,unreviewed,not_assessed,not_assessed,OpenStreetMap derived
trace:文賢路242巷9弄:1458266586-end,1458266586-end,文賢路242巷9弄,alley_trace,120.1937277,23.0051617,步道 #1458266586,,46,,,,0.96,1,臺灣府城城門及城垣殘蹟,495,morphology_candidate,unreviewed,not_assessed,not_assessed,OpenStreetMap derived
trace:文賢路242巷9弄:1458266584-end,1458266584-end,文賢路242巷9弄,alley_trace,120.1937187,23.0054502,步道 #1458266584,,48,,,,0.89,0,,,morphology_candidate,unreviewed,not_assessed,not_assessed,OpenStreetMap derived
trace:文賢路242巷9弄:302850604-start,302850604-start,文賢路242巷9弄,alley_trace,120.1941237,23.0057997,文賢路480巷14弄,,54,,,,0.91,0,,,morphology_candidate,unreviewed,not_assessed,not_assessed,OpenStreetMap derived
trace:和意路:496468302-start,496468302-start,和意路,alley_trace,120.1988631,22.9882378,步道 #496468302,,17,,,,0.5,5,原臺南刑務所木造建築群,57,morphology_candidate,unreviewed,not_assessed,not_assessed,OpenStreetMap derived
trace:和意路:548120887-end,548120887-end,和意路,alley_trace,120.1976862,22.9882967,服務道路 #548120887,,19,,,,1,4,原臺南刑務所木造建築群,118,morphology_candidate,unreviewed,not_assessed,not_assessed,OpenStreetMap derived
trace:和意路:496468299-end,496468299-end,和意路,alley_trace,120.1992414,22.9881187,步道 #496468299,,28,,,,0.93,5,原臺南刑務所木造建築群,86,morphology_candidate,unreviewed,not_assessed,not_assessed,OpenStreetMap derived
trace:赤嵌街:1382010190-end,1382010190-end,赤嵌街,alley_trace,120.2024639,22.9978127,步道 #1382010190,,10,,,,1,25,赤嵌樓,33,morphology_candidate,unreviewed,not_assessed,not_assessed,OpenStreetMap derived
trace:赤嵌街:561994804-end,561994804-end,赤嵌街,alley_trace,120.2027945,22.9975161,服務道路 #561994804,,53,,,,1,27,赤嵌樓,32,morphology_candidate,unreviewed,not_assessed,not_assessed,OpenStreetMap derived
trace:赤嵌街:1382010142-end,1382010142-end,赤嵌街,alley_trace,120.2016082,22.9967405,步道 #1382010142,,54,,,,0.82,24,大天后宮（寧靖王府邸）,20,morphology_candidate,unreviewed,not_assessed,not_assessed,OpenStreetMap derived
trace:海安路三段219巷:1459082219-end,1459082219-end,海安路三段219巷,alley_trace,120.1997972,23.0067108,步道 #1459082219,,24,,,,0.91,0,,,morphology_candidate,unreviewed,not_assessed,not_assessed,OpenStreetMap derived
trace:海安路三段219巷:1459082223-end,1459082223-end,海安路三段219巷,alley_trace,120.2002028,23.0067159,步道 #1459082223,,30,,,,0.88,0,,,morphology_candidate,unreviewed,not_assessed,not_assessed,OpenStreetMap derived
trace:海安路三段219巷:1459082222-start,1459082222-start,海安路三段219巷,alley_trace,120.1998624,23.006847,步道 #1459082222,,41,,,,0.42,0,,,morphology_candidate,unreviewed,not_assessed,not_assessed,OpenStreetMap derived
trace:空地:496612986-end,496612986-end,空地,alley_trace,120.2036204,23.0011409,北華街309巷,,32,,,,1,12,臺南三山國王廟,70,morphology_candidate,unreviewed,not_assessed,not_assessed,OpenStreetMap derived
trace:空地:1459082207-end,1459082207-end,空地,alley_trace,120.2033975,23.0023658,步道 #1459082207,,42,,,,0.46,7,烏鬼井,93,morphology_candidate,unreviewed,not_assessed,not_assessed,OpenStreetMap derived
trace:空地:1459082203-start,1459082203-start,空地,alley_trace,120.2035258,23.0023798,步道 #1459082203,,45,,,,1,7,烏鬼井,86,morphology_candidate,unreviewed,not_assessed,not_assessed,OpenStreetMap derived
trace:民生路二段:683839951-end,683839951-end,民生路二段,alley_trace,120.1951075,22.9962665,服務道路 #683839951,,48,,,,0.83,9,接官亭,99,morphology_candidate,unreviewed,not_assessed,not_assessed,OpenStreetMap derived
trace:民生路二段:1484064333-start,1484064333-start,民生路二段,alley_trace,120.1989704,22.994018,步道 #1484064333,,54,,,,0.98,23,西市場,78,morphology_candidate,unreviewed,not_assessed,not_assessed,OpenStreetMap derived
trace:海安路三段:1381684139-start,1381684139-start,海安路三段,alley_trace,120.2003521,23.0041019,步道 #1381684139,,17,,,,0.48,3,原寶公學校本館,385,morphology_candidate,unreviewed,not_assessed,not_assessed,OpenStreetMap derived
trace:海安路三段:159014264-start,159014264-start,海安路三段,alley_trace,120.2004407,23.004579,臨安路二段249巷15弄,,27,,,,0.96,3,原寶公學校本館,432,morphology_candidate,unreviewed,not_assessed,not_assessed,OpenStreetMap derived
trace:民權路三段:1458266600-end,1458266600-end,民權路三段,alley_trace,120.1935223,22.9982366,步道 #1458266600,,13,,,,0.92,5,原台南運河海關,232,morphology_candidate,unreviewed,not_assessed,not_assessed,OpenStreetMap derived
trace:民權路三段:160056953-end,160056953-end,民權路三段,alley_trace,120.1950199,22.9972289,金華路四段44巷,,40,,,,0.57,9,接官亭,73,morphology_candidate,unreviewed,not_assessed,not_assessed,OpenStreetMap derived
trace:民族路二段:1382010144-end,1382010144-end,民族路二段,alley_trace,120.2023983,22.9967883,步道 #1382010144,,9,,,,1,28,祀典武廟,36,morphology_candidate,unreviewed,not_assessed,not_assessed,OpenStreetMap derived
trace:民族路二段:1382010142-end,1382010142-end,民族路二段,alley_trace,120.2016082,22.9967405,步道 #1382010142,,43,,,,1,24,大天后宮（寧靖王府邸）,20,morphology_candidate,unreviewed,not_assessed,not_assessed,OpenStreetMap derived
trace:民生路一段:557341585-end,557341585-end,民生路一段,alley_trace,120.2025861,22.9930723,服務道路 #557341585,,34,,,,1,37,清代道署遺構,66,morphology_candidate,unreviewed,not_assessed,not_assessed,OpenStreetMap derived
trace:民生路一段:1484064333-start,1484064333-start,民生路一段,alley_trace,120.1989704,22.994018,步道 #1484064333,,54,,,,0.97,23,西市場,78,morphology_candidate,unreviewed,not_assessed,not_assessed,OpenStreetMap derived
trace:北門路一段:1456484187-start,1456484187-start,北門路一段,alley_trace,120.2112757,22.9908109,服務道路 #1456484187,,34,,,,0.98,6,原住吉組宅邸（高家宅邸）,185,morphology_candidate,unreviewed,not_assessed,not_assessed,OpenStreetMap derived
trace:北門路一段:1348421518-start,1348421518-start,北門路一段,alley_trace,120.211081,22.9892681,步道 #1348421518,,44,,,,0.53,6,臺南東嶽殿,225,morphology_candidate,unreviewed,not_assessed,not_assessed,OpenStreetMap derived
trace:府東街:1378244123-end,1378244123-end,府東街,alley_trace,120.2175953,22.9866905,步道 #1378244123,,54,,,,1,4,臺南東門長老教會禮拜堂,237,morphology_candidate,unreviewed,not_assessed,not_assessed,OpenStreetMap derived
trace:府東街:316267747-end,316267747-end,府東街,alley_trace,120.2191394,22.9851781,長榮路一段234巷,,54,,,,0.99,4,原台南州立農事試驗場宿舍群,103,morphology_candidate,unreviewed,not_assessed,not_assessed,OpenStreetMap derived
trace:永福路一段:161010054-start,161010054-start,永福路一段,alley_trace,120.1998815,22.9835333,府緯街9巷,,23,,,,0.99,0,,,morphology_candidate,unreviewed,not_assessed,not_assessed,OpenStreetMap derived
trace:永福路一段:548114934-start,548114934-start,永福路一段,alley_trace,120.1999579,22.9882401,服務道路 #548114934,,32,,,,1,12,原臺南刑務所木造建築群,136,morphology_candidate,unreviewed,not_assessed,not_assessed,OpenStreetMap derived
trace:光華街:1378244122-end,1378244122-end,光華街,alley_trace,120.2159457,22.9866241,步道 #1378244122,,8,,,,0.41,3,臺南東門長老教會禮拜堂,133,morphology_candidate,unreviewed,not_assessed,not_assessed,OpenStreetMap derived
trace:光華街:160911850-end,160911850-end,光華街,alley_trace,120.2127334,22.9871398,大同路一段71巷,,45,,,,0.61,3,原臺南神學校校舍暨禮拜堂,239,morphology_candidate,unreviewed,not_assessed,not_assessed,OpenStreetMap derived
trace:美南街:1111953345-start,1111953345-start,美南街,alley_trace,120.1905924,22.9869765,建南路138巷,,29,,,,1,0,,,morphology_candidate,unreviewed,not_assessed,not_assessed,OpenStreetMap derived
trace:美南街:198441513-end,198441513-end,美南街,alley_trace,120.192464,22.9870181,步道 #198441513,,53,,,,0.5,0,,,morphology_candidate,unreviewed,not_assessed,not_assessed,OpenStreetMap derived
trace:長北街:1214241133-end,1214241133-end,長北街,alley_trace,120.2058906,23.0054222,步道 #1214241133,,28,,,,0.49,2,原日軍步兵第二聯隊官舍群,298,morphology_candidate,unreviewed,not_assessed,not_assessed,OpenStreetMap derived
trace:長北街:243773562-end,243773562-end,長北街,alley_trace,120.2042658,23.0029014,服務道路 #243773562,,53,,,,0.9,7,烏鬼井,129,morphology_candidate,unreviewed,not_assessed,not_assessed,OpenStreetMap derived
trace:北忠街:595116758-end,595116758-end,北忠街,alley_trace,120.2053318,23.0006682,步道 #595116758,,42,,,,0.82,13,烏鬼井,181,morphology_candidate,unreviewed,not_assessed,not_assessed,OpenStreetMap derived
trace:北忠街:566636187-end,566636187-end,北忠街,alley_trace,120.2111082,22.999374,服務道路 #566636187,,49,,,,0.98,5,西華堂,87,morphology_candidate,unreviewed,not_assessed,not_assessed,OpenStreetMap derived
trace:開元路:1368747809-start,1368747809-start,開元路,alley_trace,120.2191041,23.007057,服務道路 #1368747809,,16,,,,1,0,,,morphology_candidate,unreviewed,not_assessed,not_assessed,OpenStreetMap derived
trace:開元路:1424423299-end,1424423299-end,開元路,alley_trace,120.2175303,23.0068025,服務道路 #1424423299,,46,,,,0.82,1,原台南中學校講堂,409,morphology_candidate,unreviewed,not_assessed,not_assessed,OpenStreetMap derived
trace:尊王路:548113613-start,548113613-start,尊王路,alley_trace,120.1954801,22.991488,停車場出口,,26,,,,1,5,原台南州青果同業組合香蕉倉庫,355,morphology_candidate,unreviewed,not_assessed,not_assessed,OpenStreetMap derived
trace:尊王路:548113612-end,548113612-end,尊王路,alley_trace,120.1957561,22.9914152,停車場入口,,28,,,,1,5,原台南州青果同業組合香蕉倉庫,336,morphology_candidate,unreviewed,not_assessed,not_assessed,OpenStreetMap derived
trace:環河街129巷:1458266602-end,1458266602-end,環河街129巷,alley_trace,120.1929684,22.9963639,步道 #1458266602,,34,,,,0.99,4,原台南運河海關,34,morphology_candidate,unreviewed,not_assessed,not_assessed,OpenStreetMap derived
trace:環河街129巷:1098323523-end,1098323523-end,環河街129巷,alley_trace,120.1878073,22.997568,步道 #1098323523,,35,,,,0.99,0,,,morphology_candidate,unreviewed,not_assessed,not_assessed,OpenStreetMap derived
trace:民生綠園:893932853-start,893932853-start,民生綠園,alley_trace,120.2050343,22.9922757,步道 #893932853,,9,,,,0.99,29,原台南大正公園,34,morphology_candidate,unreviewed,not_assessed,not_assessed,OpenStreetMap derived
trace:民生綠園:1233845232-end,1233845232-end,民生綠園,alley_trace,120.2052987,22.9926744,步道 #1233845232,,17,,,,1,30,原台南大正公園,27,morphology_candidate,unreviewed,not_assessed,not_assessed,OpenStreetMap derived
trace:中和街:1458266589-end,1458266589-end,中和街,alley_trace,120.1939084,23.0032674,步道 #1458266589,,28,,,,0.97,1,臺灣府城城門及城垣殘蹟,284,morphology_candidate,unreviewed,not_assessed,not_assessed,OpenStreetMap derived
trace:中和街:1458266615-end,1458266615-end,中和街,alley_trace,120.1937343,23.0032947,步道 #1458266615,,35,,,,0.94,1,臺灣府城城門及城垣殘蹟,290,morphology_candidate,unreviewed,not_assessed,not_assessed,OpenStreetMap derived
trace:崇明路:562759480-end,562759480-end,崇明路,alley_trace,120.2161496,22.9819698,步道 #562759480,,9,,,,0.86,0,,,morphology_candidate,unreviewed,not_assessed,not_assessed,OpenStreetMap derived
trace:崇明路:160700611-start,160700611-start,崇明路,alley_trace,120.2161419,22.9825332,府連路344巷,,41,,,,0.62,0,,,morphology_candidate,unreviewed,not_assessed,not_assessed,OpenStreetMap derived
trace:文賢路292巷:1458266635-start,1458266635-start,文賢路292巷,alley_trace,120.1960663,23.0063205,步道 #1458266635,,5,,,,0.43,0,,,morphology_candidate,unreviewed,not_assessed,not_assessed,OpenStreetMap derived
trace:文賢路292巷:302850604-start,302850604-start,文賢路292巷,alley_trace,120.1941237,23.0057997,文賢路480巷14弄,,28,,,,0.9,0,,,morphology_candidate,unreviewed,not_assessed,not_assessed,OpenStreetMap derived
trace:郡緯街:1382010190-end,1382010190-end,郡緯街,alley_trace,120.2024639,22.9978127,步道 #1382010190,,15,,,,0.64,25,赤嵌樓,33,morphology_candidate,unreviewed,not_assessed,not_assessed,OpenStreetMap derived
trace:郡緯街:564005491-end,564005491-end,郡緯街,alley_trace,120.1986824,22.9988716,海安路二段296巷,,33,,,,0.57,16,臺南景福祠,132,morphology_candidate,unreviewed,not_assessed,not_assessed,OpenStreetMap derived
trace:建業街:1448539048-start,1448539048-start,建業街,alley_trace,120.206932,22.9874695,步道 #1448539048,,34,,,,1,11,原台南高等女學校本館,88,morphology_candidate,unreviewed,not_assessed,not_assessed,OpenStreetMap derived
trace:建業街:1448539056-end,1448539056-end,建業街,alley_trace,120.2070859,22.9873398,步道 #1448539056,,48,,,,0.99,10,原台南高等女學校本館,83,morphology_candidate,unreviewed,not_assessed,not_assessed,OpenStreetMap derived
trace:海安路三段135巷:162263456-end,162263456-end,海安路三段135巷,alley_trace,120.1994654,23.0049409,服務道路 #162263456,,40,,,,1,0,,,morphology_candidate,unreviewed,not_assessed,not_assessed,OpenStreetMap derived
trace:海安路三段135巷:159014264-start,159014264-start,海安路三段135巷,alley_trace,120.2004407,23.004579,臨安路二段249巷15弄,,53,,,,0.94,3,原寶公學校本館,432,morphology_candidate,unreviewed,not_assessed,not_assessed,OpenStreetMap derived
trace:民族路一段:279054553-end,279054553-end,民族路一段,alley_trace,120.2142023,22.993951,服務道路 #279054553,,43,,,,1,5,原台南廳長官邸,111,morphology_candidate,unreviewed,not_assessed,not_assessed,OpenStreetMap derived
trace:民族路一段:1478525640-end,1478525640-end,民族路一段,alley_trace,120.2134384,22.9939977,步道 #1478525640,,48,,,,0.85,6,原臺南縣知事官邸,156,morphology_candidate,unreviewed,not_assessed,not_assessed,OpenStreetMap derived
trace:城隍街:578774214-end,578774214-end,城隍街,alley_trace,120.2075688,22.989814,服務道路 #578774214,,49,,,,0.86,17,臺南德化堂,165,morphology_candidate,unreviewed,not_assessed,not_assessed,OpenStreetMap derived
trace:城隍街:1504020681-start,1504020681-start,城隍街,alley_trace,120.2084101,22.9912142,步道 #1504020681,,50,,,,0.64,15,臺灣府城隍廟,112,morphology_candidate,unreviewed,not_assessed,not_assessed,OpenStreetMap derived
trace:忠孝街:162054290-end,162054290-end,忠孝街,alley_trace,120.1967734,22.9984262,海安路二段269巷,,46,,,,1,9,金華府,120,morphology_candidate,unreviewed,not_assessed,not_assessed,OpenStreetMap derived
trace:忠孝街:162054296-end,162054296-end,忠孝街,alley_trace,120.1967018,22.9982645,海安路二段259巷,,48,,,,1,9,金華府,101,morphology_candidate,unreviewed,not_assessed,not_assessed,OpenStreetMap derived
trace:慈音街:572144121-start,572144121-start,慈音街,alley_trace,120.206552,22.9963217,服務道路 #572144121,,18,,,,0.43,17,全臺吳氏大宗祠,96,morphology_candidate,unreviewed,not_assessed,not_assessed,OpenStreetMap derived
trace:慈音街:1524793266-start,1524793266-start,慈音街,alley_trace,120.2061615,22.9968543,服務道路 #1524793266,,23,,,,0.49,20,全臺吳氏大宗祠,67,morphology_candidate,unreviewed,not_assessed,not_assessed,OpenStreetMap derived
trace:建南路102巷:1208223160-end,1208223160-end,建南路102巷,alley_trace,120.191739,22.9849168,步道 #1208223160,,50,,,,1,0,,,morphology_candidate,unreviewed,not_assessed,not_assessed,OpenStreetMap derived
trace:建南路102巷:1484222308-start,1484222308-start,建南路102巷,alley_trace,120.1917197,22.9847676,步道 #1484222308,,50,,,,0.98,0,,,morphology_candidate,unreviewed,not_assessed,not_assessed,OpenStreetMap derived
trace:臨安路二段249巷:1459082220-end,1459082220-end,臨安路二段249巷,alley_trace,120.2001682,23.0063855,步道 #1459082220,,48,,,,1,0,,,morphology_candidate,unreviewed,not_assessed,not_assessed,OpenStreetMap derived
trace:臨安路二段249巷:1459082221-end,1459082221-end,臨安路二段249巷,alley_trace,120.2001905,23.0065202,步道 #1459082221,,48,,,,0.94,0,,,morphology_candidate,unreviewed,not_assessed,not_assessed,OpenStreetMap derived
trace:文南路105巷:1458299079-end,1458299079-end,文南路105巷,alley_trace,120.1877158,22.9850597,步道 #1458299079,,34,,,,0.99,0,,,morphology_candidate,unreviewed,not_assessed,not_assessed,OpenStreetMap derived
trace:文南路105巷:1458299085-end,1458299085-end,文南路105巷,alley_trace,120.1878733,22.9850705,步道 #1458299085,,36,,,,1,0,,,morphology_candidate,unreviewed,not_assessed,not_assessed,OpenStreetMap derived
trace:美麗街:1458266593-start,1458266593-start,美麗街,alley_trace,120.1906975,22.999251,步道 #1458266593,,51,,,,1,2,原台南運河海關,382,morphology_candidate,unreviewed,not_assessed,not_assessed,OpenStreetMap derived
trace:美麗街:1458266591-start,1458266591-start,美麗街,alley_trace,120.1908405,22.9990951,步道 #1458266591,,54,,,,0.95,2,原台南運河海關,360,morphology_candidate,unreviewed,not_assessed,not_assessed,OpenStreetMap derived
trace:民德路85巷:1458266655-end,1458266655-end,民德路85巷,alley_trace,120.2025941,23.0054927,步道 #1458266655,,16,,,,0.48,2,烏鬼井,440,morphology_candidate,unreviewed,not_assessed,not_assessed,OpenStreetMap derived
trace:民德路85巷:1458266646-start,1458266646-start,民德路85巷,alley_trace,120.2009687,23.0042889,步道 #1458266646,,47,,,,0.99,3,原寶公學校本館,388,morphology_candidate,unreviewed,not_assessed,not_assessed,OpenStreetMap derived
trace:臨安路二段143巷23弄:1458266629-start,1458266629-start,臨安路二段143巷23弄,alley_trace,120.197648,23.0031089,步道 #1458266629,,44,,,,0.44,2,臺灣府城城門及城垣殘蹟,426,morphology_candidate,unreviewed,not_assessed,not_assessed,OpenStreetMap derived
trace:臨安路二段143巷23弄:1458266627-end,1458266627-end,臨安路二段143巷23弄,alley_trace,120.1973946,23.0030879,步道 #1458266627,,47,,,,0.92,1,臺灣府城城門及城垣殘蹟,404,morphology_candidate,unreviewed,not_assessed,not_assessed,OpenStreetMap derived
trace:金城街:1484061809-end,1484061809-end,金城街,alley_trace,120.1889694,22.9929087,步道 #1484061809,,8,,,,0.78,0,,,morphology_candidate,unreviewed,not_assessed,not_assessed,OpenStreetMap derived
trace:金城街:1484061805-start,1484061805-start,金城街,alley_trace,120.1886991,22.9923951,步道 #1484061805,,53,,,,0.99,0,,,morphology_candidate,unreviewed,not_assessed,not_assessed,OpenStreetMap derived
trace:民族一街:683948903-start,683948903-start,民族一街,alley_trace,120.2159368,22.9932709,東寧路西段18巷,,46,,,,0.98,4,原台南廳長官邸,90,morphology_candidate,unreviewed,not_assessed,not_assessed,OpenStreetMap derived
trace:民族一街:317753223-start,317753223-start,民族一街,alley_trace,120.2156228,22.99473,階梯 #317753223,,55,,,,0.45,6,原臺南州立第二中學校校舍本館暨講堂,86,morphology_candidate,unreviewed,not_assessed,not_assessed,OpenStreetMap derived
trace:文賢路218巷:1458266587-end,1458266587-end,文賢路218巷,alley_trace,120.1938652,23.0043277,步道 #1458266587,,48,,,,1,1,臺灣府城城門及城垣殘蹟,401,morphology_candidate,unreviewed,not_assessed,not_assessed,OpenStreetMap derived
trace:文賢路218巷:1458266632-start,1458266632-start,文賢路218巷,alley_trace,120.1960099,23.0046669,步道 #1458266632,,49,,,,0.93,1,臺灣府城城門及城垣殘蹟,467,morphology_candidate,unreviewed,not_assessed,not_assessed,OpenStreetMap derived
trace:海安路三段71巷:1458266629-end,1458266629-end,海安路三段71巷,alley_trace,120.1978827,23.0030101,步道 #1458266629,,44,,,,0.98,2,臺灣府城城門及城垣殘蹟,439,morphology_candidate,unreviewed,not_assessed,not_assessed,OpenStreetMap derived
trace:海安路三段71巷:520228060-start,520228060-start,海安路三段71巷,alley_trace,120.1978595,23.0024843,康樂街435巷,,54,,,,0.89,2,臺灣府城城門及城垣殘蹟,406,morphology_candidate,unreviewed,not_assessed,not_assessed,OpenStreetMap derived
trace:西門路四段7巷62弄:1459082210-start,1459082210-start,西門路四段7巷62弄,alley_trace,120.2044572,23.0067748,步道 #1459082210,,38,,,,0.93,0,,,morphology_candidate,unreviewed,not_assessed,not_assessed,OpenStreetMap derived
trace:西門路四段7巷62弄:1470228055-start,1470228055-start,西門路四段7巷62弄,alley_trace,120.2040112,23.0070615,步道 #1470228055,,55,,,,0.61,0,,,morphology_candidate,unreviewed,not_assessed,not_assessed,OpenStreetMap derived
trace:文賢路242巷72弄:1458266633-start,1458266633-start,文賢路242巷72弄,alley_trace,120.196017,23.0049672,步道 #1458266633,,37,,,,0.99,1,臺灣府城城門及城垣殘蹟,498,morphology_candidate,unreviewed,not_assessed,not_assessed,OpenStreetMap derived
trace:文賢路242巷72弄:1458266632-start,1458266632-start,文賢路242巷72弄,alley_trace,120.1960099,23.0046669,步道 #1458266632,,42,,,,0.99,1,臺灣府城城門及城垣殘蹟,467,morphology_candidate,unreviewed,not_assessed,not_assessed,OpenStreetMap derived
trace:民德路115巷:1458266654-start,1458266654-start,民德路115巷,alley_trace,120.2014091,23.0063253,步道 #1458266654,,10,,,,0.54,0,,,morphology_candidate,unreviewed,not_assessed,not_assessed,OpenStreetMap derived
trace:民德路115巷:1458266653-start,1458266653-start,民德路115巷,alley_trace,120.2012874,23.0064097,步道 #1458266653,,24,,,,0.53,0,,,morphology_candidate,unreviewed,not_assessed,not_assessed,OpenStreetMap derived
trace:福吉四街47巷:1458299021-end,1458299021-end,福吉四街47巷,alley_trace,120.1917426,22.9828744,步道 #1458299021,,42,,,,0.99,0,,,morphology_candidate,unreviewed,not_assessed,not_assessed,OpenStreetMap derived
trace:福吉四街47巷:1458299023-end,1458299023-end,福吉四街47巷,alley_trace,120.1917158,22.9827108,步道 #1458299023,,45,,,,0.97,0,,,morphology_candidate,unreviewed,not_assessed,not_assessed,OpenStreetMap derived
trace:武聖路8巷:1458266584-start,1458266584-start,武聖路8巷,alley_trace,120.1935721,23.0054397,步道 #1458266584,,47,,,,1,0,,,morphology_candidate,unreviewed,not_assessed,not_assessed,OpenStreetMap derived
trace:武聖路8巷:1458266586-start,1458266586-start,武聖路8巷,alley_trace,120.1935748,23.0051583,步道 #1458266586,,49,,,,0.94,1,臺灣府城城門及城垣殘蹟,497,morphology_candidate,unreviewed,not_assessed,not_assessed,OpenStreetMap derived
trace:大新街71巷:1489164073-start,1489164073-start,大新街71巷,alley_trace,120.1921019,23.0001352,步道 #1489164073,,52,,,,0.85,3,臺灣府城城門及城垣殘蹟,242,morphology_candidate,unreviewed,not_assessed,not_assessed,OpenStreetMap derived
trace:大新街71巷:1489164074-end,1489164074-end,大新街71巷,alley_trace,120.1924794,22.9999969,步道 #1489164074,,54,,,,0.98,4,臺灣府城城門及城垣殘蹟,211,morphology_candidate,unreviewed,not_assessed,not_assessed,OpenStreetMap derived
trace:武聖路151巷9弄:1458266574-end,1458266574-end,武聖路151巷9弄,alley_trace,120.1907427,23.0061401,步道 #1458266574,,54,,,,1,0,,,morphology_candidate,unreviewed,not_assessed,not_assessed,OpenStreetMap derived
trace:武聖路151巷9弄:1458266575-end,1458266575-end,武聖路151巷9弄,alley_trace,120.1908753,23.0060842,步道 #1458266575,,55,,,,1,0,,,morphology_candidate,unreviewed,not_assessed,not_assessed,OpenStreetMap derived
trace:建南路99巷:1484222308-start,1484222308-start,建南路99巷,alley_trace,120.1917197,22.9847676,步道 #1484222308,,49,,,,1,0,,,morphology_candidate,unreviewed,not_assessed,not_assessed,OpenStreetMap derived
trace:建南路99巷:1208223160-end,1208223160-end,建南路99巷,alley_trace,120.191739,22.9849168,步道 #1208223160,,50,,,,1,0,,,morphology_candidate,unreviewed,not_assessed,not_assessed,OpenStreetMap derived
trace:武聖路114巷10弄:1458266574-start,1458266574-start,武聖路114巷10弄,alley_trace,120.1908075,23.0062545,步道 #1458266574,,46,,,,1,0,,,morphology_candidate,unreviewed,not_assessed,not_assessed,OpenStreetMap derived
trace:武聖路114巷10弄:1458266575-start,1458266575-start,武聖路114巷10弄,alley_trace,120.1909371,23.0061863,步道 #1458266575,,47,,,,1,0,,,morphology_candidate,unreviewed,not_assessed,not_assessed,OpenStreetMap derived
trace:文賢路218巷10弄:1458266613-end,1458266613-end,文賢路218巷10弄,alley_trace,120.1940394,23.0034188,步道 #1458266613,,28,,,,1,1,臺灣府城城門及城垣殘蹟,299,morphology_candidate,unreviewed,not_assessed,not_assessed,OpenStreetMap derived
trace:文賢路218巷10弄:1458266614-end,1458266614-end,文賢路218巷10弄,alley_trace,120.1938838,23.0036173,步道 #1458266614,,42,,,,0.98,1,臺灣府城城門及城垣殘蹟,323,morphology_candidate,unreviewed,not_assessed,not_assessed,OpenStreetMap derived
trace:西門路二段:1284296304-start,1284296304-start,西門路二段,alley_trace,120.1996612,22.9977566,步道 #1284296304,,48,,,,0.98,21,臺南景福祠,126,morphology_candidate,unreviewed,not_assessed,not_assessed,OpenStreetMap derived
trace:海安路二段:1493440403-start,1493440403-start,海安路二段,alley_trace,120.1974894,22.9961436,服務道路 #1493440403,,43,,,,1,14,臺南水仙宮,94,morphology_candidate,unreviewed,not_assessed,not_assessed,OpenStreetMap derived
trace:和緯路四段:440596566-start,440596566-start,和緯路四段,alley_trace,120.1868987,23.0065819,和緯路四段277巷8弄,,44,,,,0.56,0,,,morphology_candidate,unreviewed,not_assessed,not_assessed,OpenStreetMap derived
trace:西和路:158824763-start,158824763-start,西和路,alley_trace,120.1932097,23.0036171,文和街6巷,,37,,,,0.96,1,臺灣府城城門及城垣殘蹟,340,morphology_candidate,unreviewed,not_assessed,not_assessed,OpenStreetMap derived
trace:西門路四段:1459082195-start,1459082195-start,西門路四段,alley_trace,120.2063057,23.0079883,步道 #1459082195,,54,,,,1,1,原日軍步兵第二聯隊官舍群,483,morphology_candidate,unreviewed,not_assessed,not_assessed,OpenStreetMap derived
trace:建南路:301188042-end,301188042-end,建南路,alley_trace,120.1935772,22.984684,福吉一街32巷,,18,,,,0.71,0,,,morphology_candidate,unreviewed,not_assessed,not_assessed,OpenStreetMap derived
trace:長榮路一段:1478811761-end,1478811761-end,長榮路一段,alley_trace,120.2173573,22.9832412,服務道路 #1478811761,,7,,,,0.97,2,原台南州立農事試驗場宿舍群,355,morphology_candidate,unreviewed,not_assessed,not_assessed,OpenStreetMap derived
trace:文賢一路:509175420-start,509175420-start,文賢一路,alley_trace,120.1958138,23.0066162,文賢路502巷,,33,,,,0.99,0,,,morphology_candidate,unreviewed,not_assessed,not_assessed,OpenStreetMap derived
trace:金華新路:1348421614-end,1348421614-end,金華新路,alley_trace,120.1932261,22.9935551,步道 #1348421614,,28,,,,1,3,原台南運河海關,313,morphology_candidate,unreviewed,not_assessed,not_assessed,OpenStreetMap derived
trace:長榮路二段:253751064-start,253751064-start,長榮路二段,alley_trace,120.2215726,22.9920206,東寧路,,7,,,,1,2,原台南長老教女學校本館暨講堂,291,morphology_candidate,unreviewed,not_assessed,not_assessed,OpenStreetMap derived
trace:樹林街一段:160911850-end,160911850-end,樹林街一段,alley_trace,120.2127334,22.9871398,大同路一段71巷,,45,,,,0.61,3,原臺南神學校校舍暨禮拜堂,239,morphology_candidate,unreviewed,not_assessed,not_assessed,OpenStreetMap derived
trace:萬昌街:1108476438-end,1108476438-end,萬昌街,alley_trace,120.2094497,22.9893647,府前路一段90巷34弄,,38,,,,0.97,8,臺南東嶽殿,129,morphology_candidate,unreviewed,not_assessed,not_assessed,OpenStreetMap derived
trace:府前一街:1273316863-end,1273316863-end,府前一街,alley_trace,120.1885215,22.9944569,服務道路 #1273316863,,37,,,,1,1,原台南運河海關,469,morphology_candidate,unreviewed,not_assessed,not_assessed,OpenStreetMap derived
trace:西門圓環:183052658-end,183052658-end,西門圓環,alley_trace,120.2008412,22.997961,西門路二段372巷,,37,,,,0.86,19,廣安宮,104,morphology_candidate,unreviewed,not_assessed,not_assessed,OpenStreetMap derived
trace:協和街:1489164072-start,1489164072-start,協和街,alley_trace,120.192124,23.0003821,步道 #1489164072,,54,,,,1,2,臺灣府城城門及城垣殘蹟,233,morphology_candidate,unreviewed,not_assessed,not_assessed,OpenStreetMap derived
trace:文賢路313巷:1458266567-end,1458266567-end,文賢路313巷,alley_trace,120.1889611,23.0078538,步道 #1458266567,,9,,,,0.41,0,,,morphology_candidate,unreviewed,not_assessed,not_assessed,OpenStreetMap derived
trace:東榮街:1378244132-start,1378244132-start,東榮街,alley_trace,120.215512,22.9877699,步道 #1378244132,,43,,,,0.97,2,臺南東門長老教會禮拜堂,9,morphology_candidate,unreviewed,not_assessed,not_assessed,OpenStreetMap derived
trace:法華街:1489164086-start,1489164086-start,法華街,alley_trace,120.2111718,22.9843551,步道 #1489164086,,31,,,,0.51,2,台南法華寺,182,morphology_candidate,unreviewed,not_assessed,not_assessed,OpenStreetMap derived
trace:星鑽街:1110224990-end,1110224990-end,星鑽街,alley_trace,120.1874084,22.9950481,府前一街9巷12弄,,51,,,,0.4,0,,,morphology_candidate,unreviewed,not_assessed,not_assessed,OpenStreetMap derived
trace:慶中街:569045806-end,569045806-end,慶中街,alley_trace,120.2056892,22.9823821,服務道路 #569045806,,17,,,,1,5,五妃廟,87,morphology_candidate,unreviewed,not_assessed,not_assessed,OpenStreetMap derived
trace:德南街:1458299082-start,1458299082-start,德南街,alley_trace,120.1886106,22.9864399,步道 #1458299082,,45,,,,1,0,,,morphology_candidate,unreviewed,not_assessed,not_assessed,OpenStreetMap derived
trace:大學路西段:1274476771-end,1274476771-end,大學路西段,alley_trace,120.2157467,22.9964754,服務道路 #1274476771,,15,,,,1,7,原臺南州立第二中學校校舍本館暨講堂,260,morphology_candidate,unreviewed,not_assessed,not_assessed,OpenStreetMap derived
trace:東門陸橋:313194758-start,313194758-start,東門陸橋,alley_trace,120.2126407,22.9888943,前鋒路,,36,,,,0.98,5,原臺南神學校校舍暨禮拜堂,129,morphology_candidate,unreviewed,not_assessed,not_assessed,OpenStreetMap derived
trace:和真街:159130350-start,159130350-start,和真街,alley_trace,120.1912195,22.9991196,大新街35巷,,42,,,,0.97,2,原台南運河海關,344,morphology_candidate,unreviewed,not_assessed,not_assessed,OpenStreetMap derived
trace:和善街:1489164073-start,1489164073-start,和善街,alley_trace,120.1921019,23.0001352,步道 #1489164073,,22,,,,0.96,3,臺灣府城城門及城垣殘蹟,242,morphology_candidate,unreviewed,not_assessed,not_assessed,OpenStreetMap derived
trace:府中街:1504020682-start,1504020682-start,府中街,alley_trace,120.2066277,22.9902383,步道 #1504020682,,8,,,,0.47,24,臺南德化堂,133,morphology_candidate,unreviewed,not_assessed,not_assessed,OpenStreetMap derived
trace:湯德章大道:203986614-start,203986614-start,湯德章大道,alley_trace,120.2039542,22.9919247,步道 #203986614,,28,,,,0.46,28,原台南州會,18,morphology_candidate,unreviewed,not_assessed,not_assessed,OpenStreetMap derived
trace:武聖路69巷40弄:1458266580-end,1458266580-end,武聖路69巷40弄,alley_trace,120.1909037,23.0062403,步道 #1458266580,,54,,,,0.98,0,,,morphology_candidate,unreviewed,not_assessed,not_assessed,OpenStreetMap derived
trace:府連東路:1047142449-end,1047142449-end,府連東路,alley_trace,120.2164203,22.9850454,府連路337巷2弄,,47,,,,0.79,2,臺南東門長老教會禮拜堂,315,morphology_candidate,unreviewed,not_assessed,not_assessed,OpenStreetMap derived
trace:西寧街:1458266596-end,1458266596-end,西寧街,alley_trace,120.1915107,22.9979403,步道 #1458266596,,48,,,,0.59,4,原台南運河海關,215,morphology_candidate,unreviewed,not_assessed,not_assessed,OpenStreetMap derived
trace:福吉三街:1484222308-end,1484222308-end,福吉三街,alley_trace,120.1918796,22.9847568,步道 #1484222308,,27,,,,1,0,,,morphology_candidate,unreviewed,not_assessed,not_assessed,OpenStreetMap derived
trace:大勇街:1484061854-start,1484061854-start,大勇街,alley_trace,120.1922007,22.9891923,步道 #1484061854,,47,,,,0.97,0,,,morphology_candidate,unreviewed,not_assessed,not_assessed,OpenStreetMap derived
trace:光華街229巷:1378244132-start,1378244132-start,光華街229巷,alley_trace,120.215512,22.9877699,步道 #1378244132,,43,,,,0.97,2,臺南東門長老教會禮拜堂,9,morphology_candidate,unreviewed,not_assessed,not_assessed,OpenStreetMap derived
trace:崇明一街:562759480-end,562759480-end,崇明一街,alley_trace,120.2161496,22.9819698,步道 #562759480,,39,,,,0.65,0,,,morphology_candidate,unreviewed,not_assessed,not_assessed,OpenStreetMap derived
trace:文賢路242巷:1458266585-end,1458266585-end,文賢路242巷,alley_trace,120.1937833,23.004439,步道 #1458266585,,9,,,,0.38,1,臺灣府城城門及城垣殘蹟,414,morphology_candidate,unreviewed,not_assessed,not_assessed,OpenStreetMap derived
trace:育德路17巷:1458266652-end,1458266652-end,育德路17巷,alley_trace,120.2029017,23.0054715,步道 #1458266652,,53,,,,0.93,2,烏鬼井,428,morphology_candidate,unreviewed,not_assessed,not_assessed,OpenStreetMap derived
trace:赤嵌東街:1382010163-end,1382010163-end,赤嵌東街,alley_trace,120.2030059,22.9967873,步道 #1382010163,,22,,,,1,29,萬福庵照牆,66,morphology_candidate,unreviewed,not_assessed,not_assessed,OpenStreetMap derived
trace:文賢路546巷:571273030-end,571273030-end,文賢路546巷,alley_trace,120.1932592,23.0074881,服務道路 #571273030,,52,,,,0.89,0,,,morphology_candidate,unreviewed,not_assessed,not_assessed,OpenStreetMap derived
trace:文賢路313巷34弄:571273030-start,571273030-start,文賢路313巷34弄,alley_trace,120.1928723,23.0075186,服務道路 #571273030,,34,,,,1,0,,,morphology_candidate,unreviewed,not_assessed,not_assessed,OpenStreetMap derived
trace:府前路二段237巷:1110235229-start,1110235229-start,府前路二段237巷,alley_trace,120.1904519,22.9895277,武英街,,55,,,,0.7,0,,,morphology_candidate,unreviewed,not_assessed,not_assessed,OpenStreetMap derived
trace:濟生街:1458266596-end,1458266596-end,濟生街,alley_trace,120.1915107,22.9979403,步道 #1458266596,,30,,,,1,4,原台南運河海關,215,morphology_candidate,unreviewed,not_assessed,not_assessed,OpenStreetMap derived
trace:文賢路502巷:1458266636-start,1458266636-start,文賢路502巷,alley_trace,120.1960116,23.0063814,步道 #1458266636,,33,,,,0.98,0,,,morphology_candidate,unreviewed,not_assessed,not_assessed,OpenStreetMap derived
trace:成功路600巷:1458266621-end,1458266621-end,成功路600巷,alley_trace,120.1946611,23.0021371,步道 #1458266621,,49,,,,0.8,1,臺灣府城城門及城垣殘蹟,157,morphology_candidate,unreviewed,not_assessed,not_assessed,OpenStreetMap derived
trace:福吉五街:1208223143-end,1208223143-end,福吉五街,alley_trace,120.1928772,22.9827237,步道 #1208223143,,46,,,,0.77,0,,,morphology_candidate,unreviewed,not_assessed,not_assessed,OpenStreetMap derived
trace:府前一街9巷12弄:1484061820-start,1484061820-start,府前一街9巷12弄,alley_trace,120.1877629,22.9952749,步道 #1484061820,,44,,,,0.96,0,,,morphology_candidate,unreviewed,not_assessed,not_assessed,OpenStreetMap derived
trace:中華西路二段28巷:692141430-end,692141430-end,中華西路二段28巷,alley_trace,120.1871698,22.9897752,步道 #692141430,,7,,,,0.97,0,,,morphology_candidate,unreviewed,not_assessed,not_assessed,OpenStreetMap derived
trace:建南路138巷:1484061859-end,1484061859-end,建南路138巷,alley_trace,120.1902268,22.9871815,步道 #1484061859,,44,,,,0.9,0,,,morphology_candidate,unreviewed,not_assessed,not_assessed,OpenStreetMap derived
trace:中華西路二段580巷:158824767-start,158824767-start,中華西路二段580巷,alley_trace,120.1884724,23.0028696,和善街125巷12弄,,29,,,,0.57,0,,,morphology_candidate,unreviewed,not_assessed,not_assessed,OpenStreetMap derived
trace:健康路二段116巷:564005570-start,564005570-start,健康路二段116巷,alley_trace,120.1949018,22.9815863,步道 #564005570,,46,,,,0.6,0,,,morphology_candidate,unreviewed,not_assessed,not_assessed,OpenStreetMap derived
trace:武聖路36巷:1458266582-start,1458266582-start,武聖路36巷,alley_trace,120.1920265,23.0056596,步道 #1458266582,,45,,,,1,0,,,morphology_candidate,unreviewed,not_assessed,not_assessed,OpenStreetMap derived
trace:仁愛街:552989620-end,552989620-end,仁愛街,alley_trace,120.1979774,22.9969192,神農街,,43,,,,0.65,15,臺南水仙宮,32,morphology_candidate,unreviewed,not_assessed,not_assessed,OpenStreetMap derived
trace:西門路一段703巷:548120887-end,548120887-end,西門路一段703巷,alley_trace,120.1976862,22.9882967,服務道路 #548120887,,30,,,,0.79,4,原臺南刑務所木造建築群,118,morphology_candidate,unreviewed,not_assessed,not_assessed,OpenStreetMap derived
trace:福吉一街:311066003-start,311066003-start,福吉一街,alley_trace,120.194334,22.984029,通路 #311066003,,22,,,,1,0,,,morphology_candidate,unreviewed,not_assessed,not_assessed,OpenStreetMap derived
trace:文南路342巷:294964441-start,294964441-start,文南路342巷,alley_trace,120.1909453,22.9879453,永華路一段241巷,,25,,,,1,0,,,morphology_candidate,unreviewed,not_assessed,not_assessed,OpenStreetMap derived
trace:金華路二段289巷5弄:1458299021-start,1458299021-start,金華路二段289巷5弄,alley_trace,120.191585,22.9828867,步道 #1458299021,,48,,,,1,0,,,morphology_candidate,unreviewed,not_assessed,not_assessed,OpenStreetMap derived
trace:建民街:212348944-end,212348944-end,建民街,alley_trace,120.194312,22.9842314,福吉一街12巷,,28,,,,0.42,0,,,morphology_candidate,unreviewed,not_assessed,not_assessed,OpenStreetMap derived
trace:西門路四段19巷:1284294632-start,1284294632-start,西門路四段19巷,alley_trace,120.2059744,23.0063788,步道 #1284294632,,46,,,,1,1,原日軍步兵第二聯隊官舍群,356,morphology_candidate,unreviewed,not_assessed,not_assessed,OpenStreetMap derived
trace:長賢街:1470228074-end,1470228074-end,長賢街,alley_trace,120.2040662,23.0040435,步道 #1470228074,,52,,,,0.93,4,烏鬼井,254,morphology_candidate,unreviewed,not_assessed,not_assessed,OpenStreetMap derived
trace:雲平大道:1465120961-end,1465120961-end,雲平大道,alley_trace,120.2167809,22.9973215,步道 #1465120961,,9,,,,1,6,原日軍臺灣步兵第二聯隊營舍,280,morphology_candidate,unreviewed,not_assessed,not_assessed,OpenStreetMap derived
trace:民德路105巷:1458266654-start,1458266654-start,民德路105巷,alley_trace,120.2014091,23.0063253,步道 #1458266654,,53,,,,0.55,0,,,morphology_candidate,unreviewed,not_assessed,not_assessed,OpenStreetMap derived
trace:健康路二段198巷:1458299024-end,1458299024-end,健康路二段198巷,alley_trace,120.1917708,22.9827503,步道 #1458299024,,46,,,,0.72,0,,,morphology_candidate,unreviewed,not_assessed,not_assessed,OpenStreetMap derived
trace:正德街:162054299-start,162054299-start,正德街,alley_trace,120.1950271,22.9938761,服務道路 #162054299,,41,,,,1,8,西市場,326,morphology_candidate,unreviewed,not_assessed,not_assessed,OpenStreetMap derived
trace:西門路四段70巷:1284294619-end,1284294619-end,西門路四段70巷,alley_trace,120.2067772,23.0074531,步道 #1284294619,,11,,,,0.55,1,原日軍步兵第二聯隊官舍群,408,morphology_candidate,unreviewed,not_assessed,not_assessed,OpenStreetMap derived
trace:永華一街44巷:1110235229-start,1110235229-start,永華一街44巷,alley_trace,120.1904519,22.9895277,武英街,,48,,,,0.9,0,,,morphology_candidate,unreviewed,not_assessed,not_assessed,OpenStreetMap derived
trace:健康路一段170巷:982210683-start,982210683-start,健康路一段170巷,alley_trace,120.2069999,22.9826325,階梯 #982210683,,18,,,,0.91,4,五妃廟,220,morphology_candidate,unreviewed,not_assessed,not_assessed,OpenStreetMap derived
trace:健康路二段234巷:1458299021-start,1458299021-start,健康路二段234巷,alley_trace,120.191585,22.9828867,步道 #1458299021,,49,,,,0.97,0,,,morphology_candidate,unreviewed,not_assessed,not_assessed,OpenStreetMap derived
trace:大新街21巷:159130350-start,159130350-start,大新街21巷,alley_trace,120.1912195,22.9991196,大新街35巷,,28,,,,0.48,2,原台南運河海關,344,morphology_candidate,unreviewed,not_assessed,not_assessed,OpenStreetMap derived
trace:武聖路239巷10弄:1458266571-end,1458266571-end,武聖路239巷10弄,alley_trace,120.1878263,23.0073637,步道 #1458266571,,52,,,,0.79,0,,,morphology_candidate,unreviewed,not_assessed,not_assessed,OpenStreetMap derived
trace:武聖路151巷10弄:1458266574-end,1458266574-end,武聖路151巷10弄,alley_trace,120.1907427,23.0061401,步道 #1458266574,,54,,,,1,0,,,morphology_candidate,unreviewed,not_assessed,not_assessed,OpenStreetMap derived
trace:西門路一段689巷:359170066-end,359170066-end,西門路一段689巷,alley_trace,120.1970718,22.985974,服務道路 #359170066,,46,,,,0.43,1,原臺南刑務所木造建築群,351,morphology_candidate,unreviewed,not_assessed,not_assessed,OpenStreetMap derived
trace:五妃街443巷:160056924-start,160056924-start,五妃街443巷,alley_trace,120.1957253,22.9830145,府緯街115巷,,38,,,,1,0,,,morphology_candidate,unreviewed,not_assessed,not_assessed,OpenStreetMap derived
trace:福吉四街61巷:1458299021-end,1458299021-end,福吉四街61巷,alley_trace,120.1917426,22.9828744,步道 #1458299021,,50,,,,0.62,0,,,morphology_candidate,unreviewed,not_assessed,not_assessed,OpenStreetMap derived
trace:好望角廣場:1376995463-end,1376995463-end,好望角廣場,alley_trace,120.1939977,22.9878484,步道 #1376995463,,46,,,,0.87,1,原臺南刑務所木造建築群,495,morphology_candidate,unreviewed,not_assessed,not_assessed,OpenStreetMap derived
trace:大福街15巷:1458266599-start,1458266599-start,大福街15巷,alley_trace,120.1933224,22.9982823,步道 #1458266599,,37,,,,1,5,原台南運河海關,230,morphology_candidate,unreviewed,not_assessed,not_assessed,OpenStreetMap derived
trace:永華一街70巷:1110235229-start,1110235229-start,永華一街70巷,alley_trace,120.1904519,22.9895277,武英街,,55,,,,0.7,0,,,morphology_candidate,unreviewed,not_assessed,not_assessed,OpenStreetMap derived
trace:新美街50巷:1461473009-end,1461473009-end,新美街50巷,alley_trace,120.2013317,22.9946397,服務道路 #1461473009,,24,,,,0.99,33,大井頭,95,morphology_candidate,unreviewed,not_assessed,not_assessed,OpenStreetMap derived
trace:育德路28巷:1458266652-end,1458266652-end,育德路28巷,alley_trace,120.2029017,23.0054715,步道 #1458266652,,51,,,,1,2,烏鬼井,428,morphology_candidate,unreviewed,not_assessed,not_assessed,OpenStreetMap derived
trace:西門路四段19巷38弄:159216665-start,159216665-start,西門路四段19巷38弄,alley_trace,120.2056319,23.0073806,西門路四段33巷,,32,,,,0.98,1,原日軍步兵第二聯隊官舍群,463,morphology_candidate,unreviewed,not_assessed,not_assessed,OpenStreetMap derived
trace:大新街72巷:1489164074-end,1489164074-end,大新街72巷,alley_trace,120.1924794,22.9999969,步道 #1489164074,,53,,,,1,4,臺灣府城城門及城垣殘蹟,211,morphology_candidate,unreviewed,not_assessed,not_assessed,OpenStreetMap derived
trace:府前一街109巷:1110224990-end,1110224990-end,府前一街109巷,alley_trace,120.1874084,22.9950481,府前一街9巷12弄,,23,,,,1,0,,,morphology_candidate,unreviewed,not_assessed,not_assessed,OpenStreetMap derived
trace:臨安路二段90巷:520228060-start,520228060-start,臨安路二段90巷,alley_trace,120.1978595,23.0024843,康樂街435巷,,48,,,,1,2,臺灣府城城門及城垣殘蹟,406,morphology_candidate,unreviewed,not_assessed,not_assessed,OpenStreetMap derived
trace:育德路49巷:1470228053-end,1470228053-end,育德路49巷,alley_trace,120.2037932,23.0070593,步道 #1470228053,,39,,,,1,0,,,morphology_candidate,unreviewed,not_assessed,not_assessed,OpenStreetMap derived
trace:民德路58巷5弄:1458266653-end,1458266653-end,民德路58巷5弄,alley_trace,120.2013806,23.0065253,步道 #1458266653,,44,,,,0.99,0,,,morphology_candidate,unreviewed,not_assessed,not_assessed,OpenStreetMap derived
trace:育德路48巷:1470228054-end,1470228054-end,育德路48巷,alley_trace,120.2038918,23.0069622,步道 #1470228054,,15,,,,1,0,,,morphology_candidate,unreviewed,not_assessed,not_assessed,OpenStreetMap derived
trace:四維地下道:1425966965-end,1425966965-end,四維地下道,alley_trace,120.2119144,22.9943194,步道 #1425966965,,49,,,,0.94,7,原臺南縣知事官邸,244,morphology_candidate,unreviewed,not_assessed,not_assessed,OpenStreetMap derived
