rank,road,length_m,segments,highway_classes,alley_trace_candidates,stitch_candidates,total_signals,signals_per_km,study_role
1,廣慈街,307,1,residential,10,7,17,55.37,high-signal case
2,西華南街,504,3,residential,7,7,14,27.78,
3,東寧路西段,1362,10,tertiary|residential,7,2,9,6.61,
4,觀亭街,282,2,residential,5,3,8,28.37,
5,公園路,2128,12,tertiary,7,1,8,3.76,
6,前鋒路,2145,16,tertiary|residential,8,0,8,3.73,
7,東豐路,4079,10,tertiary,6,1,7,1.72,
8,保安路,678,3,residential,7,0,7,10.32,
9,府連路,1258,7,residential,5,1,6,4.77,
10,慶東街,832,3,residential,5,1,6,7.21,
11,國華街一段,669,2,residential,5,1,6,8.97,
12,中正路,2196,16,tertiary,6,0,6,2.73,
13,勝利路,2175,10,tertiary,6,0,6,2.76,
14,康樂街,1594,11,residential|tertiary,6,0,6,3.76,
15,中山路,1587,8,primary|tertiary,6,0,6,3.78,
16,文賢路,1242,5,tertiary|primary,6,0,6,4.83,
17,府前路二段,1093,8,secondary,6,0,6,5.49,
18,公園北路,1665,13,tertiary,4,1,5,3,
19,府前路一段,1382,6,secondary,5,0,5,3.62,
20,友愛街,1359,7,residential,5,0,5,3.68,
21,青年路,1269,3,residential,5,0,5,3.94,
22,開山路,1038,3,residential,5,0,5,4.82,
23,民權路一段,678,3,tertiary,5,0,5,7.37,
24,育樂街,330,3,residential,5,0,5,15.15,
25,大埔街,295,3,residential,5,0,5,16.95,
26,河中街,237,1,residential,5,0,5,21.1,
27,臨安路一段,1695,9,tertiary|residential,3,1,4,2.36,
28,西華街,340,3,residential,3,1,4,11.76,
29,友愛東街,197,1,residential,3,1,4,20.3,
30,小東路,2285,19,secondary,4,0,4,1.75,
31,臨安路二段,1844,9,tertiary|residential,4,0,4,2.17,
32,樹林街二段,1655,5,residential,4,0,4,2.42,
33,中華西路二段,1451,4,primary,4,0,4,2.76,
34,忠義路二段,1034,7,tertiary,4,0,4,3.87,
35,大同路一段,843,2,tertiary,4,0,4,4.74,
36,忠義路三段,776,2,tertiary,4,0,4,5.15,
37,河樂廣場,495,1,pedestrian,4,0,4,8.08,
38,西門路四段7巷,340,2,residential,4,0,4,11.76,
39,中成路,334,1,residential,4,0,4,11.98,
40,興華街,199,1,residential,4,0,4,20.1,
41,武聖路160巷8弄,122,1,residential,4,0,4,32.79,
42,民德路125巷,119,1,residential,4,0,4,33.61,
43,文祥街,909,3,residential,2,1,3,3.3,
44,信義街,297,1,pedestrian,2,1,3,10.1,
45,公園南路,2723,9,tertiary,3,0,3,1.1,
46,西門路一段,1999,4,tertiary,3,0,3,1.5,
47,五妃街,1681,5,residential,3,0,3,1.78,
48,北門路二段,1590,13,primary|tertiary,3,0,3,1.89,
49,西門路三段,1590,10,tertiary,3,0,3,1.89,
50,林森路一段,1511,9,tertiary,3,0,3,1.99,
51,南門路,1210,5,tertiary,3,0,3,2.48,
52,永福路二段,805,6,living_street|tertiary,3,0,3,3.73,
53,民權路二段,789,5,tertiary,3,0,3,3.8,
54,東門路一段,618,8,secondary,3,0,3,4.85,
55,衛民街,585,2,residential,3,0,3,5.13,
56,正興街,540,2,residential|living_street,3,0,3,5.56,
57,大仁街,311,2,residential,3,0,3,9.65,
58,文賢路242巷9弄,310,2,residential,3,0,3,9.68,
59,和意路,285,2,residential,3,0,3,10.53,
60,赤嵌街,254,1,living_street,3,0,3,11.81,
61,海安路三段219巷,227,2,residential,3,0,3,13.22,
62,空地,155,2,pedestrian,3,0,3,19.35,
63,民生路二段,2672,11,tertiary,2,0,2,0.75,median-positive comparison
64,海安路三段,2559,13,tertiary,2,0,2,0.78,
65,民權路三段,1497,9,tertiary,2,0,2,1.34,
66,民族路二段,1254,8,tertiary,2,0,2,1.59,
67,民生路一段,1177,7,tertiary,2,0,2,1.7,
68,北門路一段,1078,10,primary|tertiary,2,0,2,1.86,
69,府東街,997,2,residential,2,0,2,2.01,
70,永福路一段,953,4,tertiary,2,0,2,2.1,
71,光華街,901,4,residential,2,0,2,2.22,
72,美南街,803,6,residential,2,0,2,2.49,
73,長北街,752,1,residential,2,0,2,2.66,
74,北忠街,726,3,residential,2,0,2,2.75,
75,開元路,662,2,primary,2,0,2,3.02,
76,尊王路,645,1,residential,2,0,2,3.1,
77,環河街129巷,621,1,residential,2,0,2,3.22,
78,民生綠園,602,2,primary,2,0,2,3.32,
79,中和街,573,1,residential,2,0,2,3.49,
80,崇明路,501,2,tertiary,2,0,2,3.99,
81,文賢路292巷,464,1,residential,2,0,2,4.31,
82,郡緯街,460,1,residential,2,0,2,4.35,
83,建業街,416,2,residential,2,0,2,4.81,
84,海安路三段135巷,394,2,residential,2,0,2,5.08,
85,民族路一段,379,3,residential|tertiary,2,0,2,5.28,
86,城隍街,363,2,residential,2,0,2,5.51,
87,忠孝街,325,2,pedestrian,2,0,2,6.15,
88,慈音街,260,1,residential,2,0,2,7.69,
89,建南路102巷,256,1,residential,2,0,2,7.81,
90,臨安路二段249巷,249,1,residential,2,0,2,8.03,
91,文南路105巷,227,1,residential,2,0,2,8.81,
92,美麗街,223,1,residential,2,0,2,8.97,
93,民德路85巷,217,1,residential,2,0,2,9.22,
94,臨安路二段143巷23弄,212,3,residential,2,0,2,9.43,
95,金城街,210,1,residential,2,0,2,9.52,
96,民族一街,177,1,residential,2,0,2,11.3,
97,文賢路218巷,152,1,residential,2,0,2,13.16,
98,海安路三段71巷,145,1,residential,2,0,2,13.79,
99,西門路四段7巷62弄,140,1,residential,2,0,2,14.29,
100,文賢路242巷72弄,116,1,residential,2,0,2,17.24,
101,民德路115巷,105,1,residential,2,0,2,19.05,
102,福吉四街47巷,96,1,residential,2,0,2,20.83,
103,武聖路8巷,74,1,residential,2,0,2,27.03,
104,大新街71巷,67,1,residential,2,0,2,29.85,
105,武聖路151巷9弄,56,1,residential,2,0,2,35.71,
106,建南路99巷,56,1,residential,2,0,2,35.71,
107,武聖路114巷10弄,49,1,residential,2,0,2,40.82,
108,文賢路218巷10弄,47,1,residential,2,0,2,42.55,
109,西門路二段,2193,23,tertiary,1,0,1,0.46,
110,海安路二段,1708,10,tertiary,1,0,1,0.59,
111,和緯路四段,1688,2,tertiary,1,0,1,0.59,
112,西和路,1628,5,tertiary,1,0,1,0.61,
113,西門路四段,1448,4,tertiary,1,0,1,0.69,
114,建南路,986,2,residential,1,0,1,1.01,
115,長榮路一段,969,5,tertiary,1,0,1,1.03,
116,文賢一路,944,3,residential,1,0,1,1.06,
117,金華新路,784,9,residential,1,0,1,1.28,
118,長榮路二段,757,2,tertiary,1,0,1,1.32,
119,樹林街一段,722,3,residential,1,0,1,1.39,
120,萬昌街,632,1,residential,1,0,1,1.58,
121,府前一街,599,2,residential,1,0,1,1.67,
122,西門圓環,596,2,tertiary,1,0,1,1.68,
123,協和街,568,1,residential,1,0,1,1.76,
124,文賢路313巷,560,2,residential,1,0,1,1.79,
125,東榮街,525,1,residential,1,0,1,1.9,
126,法華街,515,1,residential,1,0,1,1.94,
127,星鑽街,512,3,residential,1,0,1,1.95,
128,慶中街,482,1,residential,1,0,1,2.07,
129,德南街,476,1,residential,1,0,1,2.1,
130,大學路西段,469,2,tertiary,1,0,1,2.13,
131,東門陸橋,424,3,secondary,1,0,1,2.36,
132,和真街,411,3,residential,1,0,1,2.43,
133,和善街,405,4,residential,1,0,1,2.47,
134,府中街,404,2,residential|pedestrian,1,0,1,2.48,
135,湯德章大道,402,3,tertiary,1,0,1,2.49,
136,武聖路69巷40弄,389,2,residential,1,0,1,2.57,
137,府連東路,362,3,residential,1,0,1,2.76,
138,西寧街,315,2,residential,1,0,1,3.17,
139,福吉三街,302,1,residential,1,0,1,3.31,
140,大勇街,283,1,residential,1,0,1,3.53,
141,光華街229巷,269,1,residential,1,0,1,3.72,
142,崇明一街,263,1,residential,1,0,1,3.8,
143,文賢路242巷,260,1,residential,1,0,1,3.85,
144,育德路17巷,259,2,residential,1,0,1,3.86,
145,赤嵌東街,248,1,living_street,1,0,1,4.03,
146,文賢路546巷,244,1,residential,1,0,1,4.1,
147,文賢路313巷34弄,242,1,residential,1,0,1,4.13,
148,府前路二段237巷,230,1,residential,1,0,1,4.35,
149,濟生街,228,1,residential,1,0,1,4.39,
150,文賢路502巷,224,1,residential,1,0,1,4.46,
151,成功路600巷,213,1,residential,1,0,1,4.69,
152,福吉五街,209,1,residential,1,0,1,4.78,
153,府前一街9巷12弄,205,1,residential,1,0,1,4.88,
154,中華西路二段28巷,201,1,residential,1,0,1,4.98,
155,建南路138巷,192,1,residential,1,0,1,5.21,
156,中華西路二段580巷,190,1,residential,1,0,1,5.26,
157,健康路二段116巷,188,1,residential,1,0,1,5.32,
158,武聖路36巷,187,2,residential,1,0,1,5.35,
159,仁愛街,185,1,residential,1,0,1,5.41,
160,西門路一段703巷,180,1,residential,1,0,1,5.56,
161,福吉一街,180,1,residential,1,0,1,5.56,
162,文南路342巷,175,2,residential,1,0,1,5.71,
163,金華路二段289巷5弄,175,1,residential,1,0,1,5.71,
164,建民街,175,1,residential,1,0,1,5.71,
165,西門路四段19巷,170,1,residential,1,0,1,5.88,
166,長賢街,155,1,residential,1,0,1,6.45,
167,雲平大道,151,1,pedestrian,1,0,1,6.62,
168,民德路105巷,148,1,residential,1,0,1,6.76,
169,健康路二段198巷,148,1,residential,1,0,1,6.76,
170,正德街,146,1,residential,1,0,1,6.85,
171,西門路四段70巷,141,1,residential,1,0,1,7.09,
172,永華一街44巷,139,1,residential,1,0,1,7.19,
173,健康路一段170巷,134,1,residential,1,0,1,7.46,
174,健康路二段234巷,130,1,residential,1,0,1,7.69,
175,大新街21巷,122,1,residential,1,0,1,8.2,
176,武聖路239巷10弄,119,1,residential,1,0,1,8.4,
177,武聖路151巷10弄,116,1,residential,1,0,1,8.62,
178,西門路一段689巷,114,2,pedestrian,1,0,1,8.77,
179,五妃街443巷,110,1,living_street,1,0,1,9.09,
180,福吉四街61巷,108,1,residential,1,0,1,9.26,
181,好望角廣場,107,1,pedestrian,1,0,1,9.35,
182,大福街15巷,103,1,residential,1,0,1,9.71,
183,永華一街70巷,102,1,residential,1,0,1,9.8,
184,新美街50巷,96,1,living_street,1,0,1,10.42,
185,育德路28巷,94,1,residential,1,0,1,10.64,
186,西門路四段19巷38弄,90,1,residential,1,0,1,11.11,
187,大新街72巷,80,1,residential,1,0,1,12.5,
188,府前一街109巷,80,1,residential,1,0,1,12.5,
189,臨安路二段90巷,75,1,residential,1,0,1,13.33,
190,育德路49巷,63,1,residential,1,0,1,15.87,
191,民德路58巷5弄,61,1,residential,1,0,1,16.39,
192,育德路48巷,20,1,residential,1,0,1,50,
193,四維地下道,17,1,tertiary,1,0,1,58.82,
194,成功路,4001,21,tertiary|primary|residential,0,0,0,0,length-matched zero-signal control
195,夏林路,1343,2,tertiary,0,0,0,0,
196,海安路一段,1290,5,tertiary,0,0,0,0,
197,永華路一段,1252,10,tertiary,0,0,0,0,
198,崇德路,1088,1,tertiary,0,0,0,0,
199,南寧街,948,2,residential,0,0,0,0,
200,小北路,932,2,tertiary,0,0,0,0,
201,忠義路一段,916,2,tertiary,0,0,0,0,
202,金華路三段,907,3,primary,0,0,0,0,
203,民族路三段,891,7,tertiary,0,0,0,0,
204,民德路,857,9,residential,0,0,0,0,
205,國華街三段,838,4,residential|living_street,0,0,0,0,
206,武聖路,818,1,residential,0,0,0,0,
207,文南路,755,2,tertiary,0,0,0,0,
208,文和街,749,1,residential,0,0,0,0,
209,金華路二段,730,2,primary,0,0,0,0,
210,大涼路,658,5,residential,0,0,0,0,
211,金華路四段,642,4,primary,0,0,0,0,
212,國華街二段,633,4,living_street|residential,0,0,0,0,
213,林森地下道,573,3,tertiary,0,0,0,0,
214,健康路二段,559,1,tertiary,0,0,0,0,
215,環河街,545,3,residential,0,0,0,0,
216,府緯街,528,1,residential,0,0,0,0,
217,大智街,465,1,residential,0,0,0,0,
218,郡西路,464,1,residential,0,0,0,0,
219,永和街,451,1,residential,0,0,0,0,
220,民德路58巷,447,2,residential,0,0,0,0,
221,新美街,431,3,living_street,0,0,0,0,
222,育德二路,430,1,residential,0,0,0,0,
223,南島路,430,1,residential,0,0,0,0,
224,武聖路69巷,419,3,residential,0,0,0,0,
225,南樂街,409,2,residential,0,0,0,0,
226,長德街,393,1,residential,0,0,0,0,
227,育德路,392,1,residential,0,0,0,0,
228,臨安路二段91巷,392,1,residential,0,0,0,0,
229,永華一街,389,1,residential,0,0,0,0,
230,府前二街,388,1,residential,0,0,0,0,
231,南華街,384,1,residential,0,0,0,0,
232,東寧路,379,1,tertiary,0,0,0,0,
233,西門路四段65巷,378,1,residential,0,0,0,0,
234,臨安路二段143巷,378,2,residential,0,0,0,0,
235,新樓街,373,1,residential,0,0,0,0,
236,東門路二段,365,1,secondary,0,0,0,0,
237,和美街,363,1,residential,0,0,0,0,
238,南榕廣場,361,1,pedestrian,0,0,0,0,
239,西門路四段1巷,355,2,residential,0,0,0,0,
240,光賢街,349,2,residential,0,0,0,0,
241,臨安路二段195巷,339,1,residential,0,0,0,0,
242,美學街,320,1,residential,0,0,0,0,
243,忠明街,314,2,residential,0,0,0,0,
244,中華西路二段550巷,306,2,residential,0,0,0,0,
245,福吉路,306,1,residential,0,0,0,0,
246,神農街,289,1,pedestrian,0,0,0,0,
247,富北街,289,1,residential,0,0,0,0,
248,文南三街,288,1,residential,0,0,0,0,
249,海成街,278,1,residential,0,0,0,0,
250,中華西路二段12巷,271,1,residential,0,0,0,0,
251,大勇街92巷,267,2,residential,0,0,0,0,
252,永南二街,265,1,residential,0,0,0,0,
253,和緯路四段95巷,255,1,residential,0,0,0,0,
254,長南街,253,1,residential,0,0,0,0,
255,文賢路520巷,252,1,residential,0,0,0,0,
256,新臨安橋,252,2,residential,0,0,0,0,
257,大新街,250,1,residential,0,0,0,0,
258,福吉二街,250,1,residential,0,0,0,0,
259,民德路50巷,248,1,residential,0,0,0,0,
260,永南街,246,1,residential,0,0,0,0,
261,育德二路51巷,244,1,residential,0,0,0,0,
262,東門圓環,243,5,secondary,0,0,0,0,
263,敬南街,243,1,residential,0,0,0,0,
264,武英街,240,1,residential,0,0,0,0,
265,永南四街,239,2,residential,0,0,0,0,
266,育南街,237,1,residential,0,0,0,0,
267,永南一街,234,1,residential,0,0,0,0,
268,文賢路572巷52弄,232,1,residential,0,0,0,0,
269,國華街四段,232,2,residential,0,0,0,0,
270,南明街,229,1,residential,0,0,0,0,
271,福吉四街,229,1,residential,0,0,0,0,
272,金華橋,228,4,residential,0,0,0,0,
273,懷恩街,227,1,residential,0,0,0,0,
274,智南街,216,1,residential,0,0,0,0,
275,文賢路480巷,213,1,residential,0,0,0,0,
276,文南二街,212,1,residential,0,0,0,0,
277,府前路二段258巷,205,2,residential,0,0,0,0,
278,成功路22巷,204,1,residential,0,0,0,0,
279,和緯路四段117巷,201,1,residential,0,0,0,0,
280,文賢路365巷,199,1,residential,0,0,0,0,
281,金華路二段289巷,191,1,residential,0,0,0,0,
282,民德路95巷,190,1,residential,0,0,0,0,
283,和緯路四段277巷,190,1,residential,0,0,0,0,
284,武聖路197巷50弄,187,1,residential,0,0,0,0,
285,中華西路二段646巷,186,1,residential,0,0,0,0,
286,金華路二段345巷,183,1,residential,0,0,0,0,
287,永南三街,177,2,residential,0,0,0,0,
288,金華路二段289巷23弄,176,1,residential,0,0,0,0,
289,中華西路二段580巷20弄,175,1,residential,0,0,0,0,
290,長南街36巷,173,1,residential,0,0,0,0,
291,成功路614巷,171,1,residential,0,0,0,0,
292,府前路二段235巷,169,2,residential,0,0,0,0,
293,府前路二段258巷29弄,168,1,residential,0,0,0,0,
294,大福街,167,1,residential,0,0,0,0,
295,武聖路151巷,167,1,residential,0,0,0,0,
296,武聖路197巷,165,1,residential,0,0,0,0,
297,金華路二段345巷26弄,165,1,residential,0,0,0,0,
298,建安街,164,3,residential,0,0,0,0,
299,武聖路45巷,152,1,residential,0,0,0,0,
300,和緯路四段139巷,151,1,residential,0,0,0,0,
301,育德二路55巷,146,1,residential,0,0,0,0,
302,福德街,145,1,residential,0,0,0,0,
303,文賢路218巷28弄,142,2,residential,0,0,0,0,
304,西門路四段7巷84弄,141,1,residential,0,0,0,0,
305,中華西路二段646巷20弄,137,1,residential,0,0,0,0,
306,光賢街45巷,137,1,residential,0,0,0,0,
307,健康路二段252巷,136,1,residential,0,0,0,0,
308,文賢路365巷18弄,134,1,residential,0,0,0,0,
309,金華路五段,134,2,tertiary,0,0,0,0,
310,文賢路313巷12弄,133,1,residential,0,0,0,0,
311,南豐街,132,2,residential,0,0,0,0,
312,臨安路二段143巷90弄,132,1,residential,0,0,0,0,
313,臨安路二段169巷,132,1,residential,0,0,0,0,
314,文賢路313巷56弄,131,1,residential,0,0,0,0,
315,文賢路313巷64弄,131,1,residential,0,0,0,0,
316,民權路三段477巷,131,1,residential,0,0,0,0,
317,和緯路四段161巷,131,1,residential,0,0,0,0,
318,文南一街,129,1,residential,0,0,0,0,
319,臨安路二段143巷80弄,129,1,residential,0,0,0,0,
320,武聖路69巷26弄,128,1,residential,0,0,0,0,
321,武德街,128,1,residential,0,0,0,0,
322,府前一街9巷,127,1,residential,0,0,0,0,
323,海安路三段219巷43弄,126,1,residential,0,0,0,0,
324,健康路二段264巷,126,1,residential,0,0,0,0,
325,文賢路285巷,125,1,residential,0,0,0,0,
326,永華一街148巷,122,1,residential,0,0,0,0,
327,永華一街122巷,121,1,residential,0,0,0,0,
328,永華路一段250巷,120,1,residential,0,0,0,0,
329,武聖路151巷30弄,120,1,residential,0,0,0,0,
330,育德二路31巷,120,1,residential,0,0,0,0,
331,大勇街6巷,117,1,residential,0,0,0,0,
332,武聖路197巷10弄,116,1,residential,0,0,0,0,
333,武聖路69巷71弄,116,1,residential,0,0,0,0,
334,永華橋,114,2,tertiary,0,0,0,0,
335,永華一街96巷,112,1,residential,0,0,0,0,
336,武聖路197巷30弄,112,1,residential,0,0,0,0,
337,武聖路239巷,112,1,residential,0,0,0,0,
338,中華西路二段200巷,111,1,residential,0,0,0,0,
339,中華西路二段450巷,110,1,residential,0,0,0,0,
340,光賢街21巷2弄,110,1,residential,0,0,0,0,
341,和緯路四段179巷,107,1,residential,0,0,0,0,
342,武聖路239巷28弄,104,1,residential,0,0,0,0,
343,武聖路69巷85弄,104,1,residential,0,0,0,0,
344,和善街125巷,103,1,residential,0,0,0,0,
345,海安路三段135巷123弄,103,1,residential,0,0,0,0,
346,文賢路313巷53弄,98,1,residential,0,0,0,0,
347,福吉一街18巷,98,1,residential,0,0,0,0,
348,民生路一段156巷,96,1,living_street,0,0,0,0,
349,和平街118巷,96,1,residential,0,0,0,0,
350,金華路二段83巷,95,1,residential,0,0,0,0,
351,大新街47巷,94,1,residential,0,0,0,0,
352,中華西路二段550巷30弄,94,1,residential,0,0,0,0,
353,大學路,93,1,tertiary,0,0,0,0,
354,府前一街103巷,93,1,residential,0,0,0,0,
355,武聖路69巷99弄,91,1,residential,0,0,0,0,
356,建南路120巷,91,1,residential,0,0,0,0,
357,海安路三段74巷,90,1,residential,0,0,0,0,
358,健康路二段150巷,90,1,residential,0,0,0,0,
359,福吉二街5巷,89,1,residential,0,0,0,0,
360,大福街39巷,82,1,residential,0,0,0,0,
361,大新街22巷,81,1,residential,0,0,0,0,
362,武聖路114巷,81,1,residential,0,0,0,0,
363,和緯路四段197巷,79,1,residential,0,0,0,0,
364,臨安路二段249巷47弄,79,1,residential,0,0,0,0,
365,文賢路313巷11弄,78,1,residential,0,0,0,0,
366,文賢路520巷55弄,78,1,residential,0,0,0,0,
367,臨安路二段249巷33弄,77,1,residential,0,0,0,0,
368,西和路287巷,75,1,residential,0,0,0,0,
369,民德路58巷30弄,74,1,residential,0,0,0,0,
370,武聖路160巷,74,1,residential,0,0,0,0,
371,海安路三段181巷,74,1,residential,0,0,0,0,
372,武聖路69巷30弄,69,1,residential,0,0,0,0,
373,文賢路365巷58弄,68,1,residential,0,0,0,0,
374,武聖路45巷24弄,67,1,residential,0,0,0,0,
375,文賢路313巷33弄,65,1,residential,0,0,0,0,
376,育德路35巷,63,1,residential,0,0,0,0,
377,大新街8巷,61,1,residential,0,0,0,0,
378,大新街48巷,60,1,residential,0,0,0,0,
379,民德路58巷11弄,60,1,residential,0,0,0,0,
380,民德路58巷17弄,60,1,residential,0,0,0,0,
381,民德路58巷23弄,59,1,residential,0,0,0,0,
382,建南路135巷,59,1,residential,0,0,0,0,
383,美南街182巷,59,1,residential,0,0,0,0,
384,民德路58巷29弄,58,1,residential,0,0,0,0,
385,武聖路151巷29弄,56,1,residential,0,0,0,0,
386,武聖路197巷49弄,56,1,residential,0,0,0,0,
387,建南路117巷,56,1,residential,0,0,0,0,
388,夏林路104巷,56,1,residential,0,0,0,0,
389,文賢路21巷,55,1,residential,0,0,0,0,
390,德南街177巷,53,1,residential,0,0,0,0,
391,民德路58巷12弄,51,1,residential,0,0,0,0,
392,民德路58巷18弄,51,1,residential,0,0,0,0,
393,民德路58巷24弄,51,1,residential,0,0,0,0,
394,民德路58巷6弄,51,1,residential,0,0,0,0,
395,福吉三街80巷,48,1,residential,0,0,0,0,
396,武聖路27巷12弄,47,1,residential,0,0,0,0,
397,新南橋,47,1,secondary,0,0,0,0,
398,福吉四街52巷,47,1,residential,0,0,0,0,
399,前鋒路175巷,37,1,residential,0,0,0,0,
400,武聖路27巷5弄,36,1,residential,0,0,0,0,
401,永華路二段,23,2,tertiary,0,0,0,0,
