city,city_id,population,population_density_per_km2,road_network_km,walk_network_km,building_footprint_m2,green_area_m2,transit_stations,transit_lines,source_snapshot
Tainan,tainan,417481,10599.1,176.117,367.292,2640350.9,920859.0,1,11,2026 City Diff study-area snapshot
Kaohsiung,kaohsiung,347921,10822.1,172.131,342.364,1308034.1,356126.8,30,71,2026 City Diff study-area snapshot
Taichung,taichung,438092,14377.3,147.421,262.229,1302355.2,526516.3,7,10,2026 City Diff study-area snapshot
Taipei,taipei,713540,20398.3,289.751,690.641,4294591.6,1505005.9,23,154,2026 City Diff study-area snapshot
New Taipei,new-taipei,815461,21493.4,141.333,356.852,1472191.4,1714467.4,11,63,2026 City Diff study-area snapshot
Taoyuan,taoyuan,492336,12568.6,159.625,377.64,1336670.1,904101.6,4,8,2026 City Diff study-area snapshot
Hsinchu,hsinchu,282236,7114.6,121.256,355.839,1074904.7,1177819.1,3,28,2026 City Diff study-area snapshot
Chiayi,chiayi,231061,6201.3,213.814,383.788,911737.0,1101003.9,3,28,2026 City Diff study-area snapshot
Keelung,keelung,208173,5325.0,71.548,231.65,603176.9,393772.9,4,23,2026 City Diff study-area snapshot
