city,city_id,statistical_areas,population,households,female_share_pct,population_density_per_km2,age_0_17,age_18_34,age_35_64,age_65_plus
Tainan,tainan,2621,417481,180826,52.2,10599.1,65971,98666,166579,86264
Kaohsiung,kaohsiung,1766,347921,166012,52.2,10822.1,45614,78542,137078,86687
Taichung,taichung,2118,438092,189554,52.2,14377.3,70189,110977,170234,86690
Taipei,taipei,3451,713540,323569,52.9,20398.3,114442,153114,275954,170030
New Taipei,new-taipei,2985,815461,339721,51.5,21493.4,129422,199368,327040,159631
Taoyuan,taoyuan,2253,492336,203604,51.9,12568.6,91765,127716,192208,80645
Hsinchu,hsinchu,1380,282236,114426,51.3,7114.6,57395,68811,108454,47576
Chiayi,chiayi,1276,231061,93618,52.2,6201.3,38972,58557,87935,45597
Keelung,keelung,1066,208173,95930,50.5,5325.0,26343,49644,82947,49239
