city,city_id,building_features,building_footprint_m2,green_features,green_area_m2,urban_form_features,walk_network_km,road_segments,road_network_km
Tainan,tainan,9509,2640350.9,199,920859.0,9708,367.292,931,176.117
Kaohsiung,kaohsiung,1673,1308034.1,98,356126.8,1771,342.364,700,172.131
Taichung,taichung,2586,1302355.2,115,526516.3,2701,262.229,705,147.421
Taipei,taipei,14228,4294591.6,1045,1505005.9,15273,690.641,1730,289.751
New Taipei,new-taipei,2599,1472191.4,190,1714467.4,2789,356.852,718,141.333
Taoyuan,taoyuan,2692,1336670.1,151,904101.6,2843,377.64,826,159.625
Hsinchu,hsinchu,2059,1074904.7,150,1177819.1,2209,355.839,528,121.256
Chiayi,chiayi,1910,911737.0,123,1101003.9,2033,383.788,749,213.814
Keelung,keelung,1110,603176.9,61,393772.9,1171,231.65,360,71.548
